504,30
395,395,1
2
459,459,3
4,15,18
219,219,4
4,12,18,21
219,219,3
18,21,24
203,203,5
4,12,17,18,21
507,507,4
4,6,18,24
507,507,4
6,16,18,24
427,427,2
14,18
43,43,2
10,20
475,475,3
2,4,21
443,443,5
2,10,20,21,22
91,91,7
2,10,13,15,19,21,22
251,251,9
16,17,18,19,20,21,22,23,24
523,523,9
12,16,17,18,20,21,22,23,24
539,539,10
11,12,15,16,17,18,21,22,23,24
539,539,10
1,5,6,7,8,11,12,13,15,18
251,251,8
1,2,3,5,6,7,8,13
443,443,4
1,2,4,7
235,235,2
1,13
267,267,1
1
123,123,1
21
347,347,1
18
107,107,3
12,15,22
155,155,4
6,9,15,16
91,91,4
4,15,21,22
107,107,3
15,16,18
107,107,3
15,17,21
75,75,4
3,9,15,21
107,107,4
12,15,18,22
43,43,5
3,8,15,18,21
43,43,4
6,7,21,22
43,43,4
3,18,19,21
123,123,3
9,15,18
123,123,4
3,9,15,18
571,571,5
5,9,15,21,22
571,571,5
3,9,15,18,21
187,187,6
3,12,15,16,18,22
267,267,5
6,12,15,21,22
571,571,4
3,18,21,22
203,203,3
15,18,21
203,203,4
3,6,12,22
267,267,5
6,15,18,19,21
571,571,4
6,15,19,21
475,475,6
5,7,10,18,19,21
475,475,5
3,6,12,15,21
555,555,5
3,6,12,18,24
427,427,5
5,6,15,18,21
283,283,5
3,6,18,21,24
267,267,1
19
523,523,9
7,8,12,13,14,19,20,23,24
539,539,11
1,2,3,7,8,11,12,17,18,23,24
539,539,10
1,2,5,6,9,10,11,12,16,18
523,523,10
2,3,4,5,6,10,11,12,16,19
507,507,9
1,4,5,6,9,10,11,12,16
299,299,8
1,2,3,4,5,9,10,24
267,267,7
3,4,5,8,10,14,15
555,555,6
3,4,5,10,14,17
139,139,6
2,5,10,12,16,23
395,395,2
2,8
571,571,1
2
43,43,2
7,24
443,443,3
13,18,24
59,59,3
7,18,24
443,443,4
15,18,21,24
283,283,3
7,9,18
443,443,5
6,18,19,20,24
315,315,5
6,9,13,21,24
219,219,4
6,9,14,24
491,491,3
6,21,24
283,283,3
9,21,24
283,283,3
6,13,24
107,107,4
6,7,9,24
267,267,3
13,21,24
283,283,5
6,13,18,21,24
443,443,5
7,9,18,21,24
123,123,4
2,6,13,21
267,267,6
6,13,18,19,21,22
427,427,6
6,11,18,19,22,24
507,507,4
3,6,9,21
187,187,6
1,6,7,9,13,18
459,459,1
6
427,427,3
9,15,18
11,11,5
4,9,15,18,24
507,507,7
9,14,15,18,22,23,24
251,251,9
14,17,18,19,20,21,22,23,24
539,539,10
7,16,17,18,19,20,21,22,23,24
523,523,10
11,12,14,16,17,18,19,20,21,24
539,539,10
2,3,5,6,7,8,11,12,13,14
251,251,8
1,2,3,4,5,7,8,13
139,139,4
1,2,3,6
315,315,2
2,14
475,475,1
6
411,411,2
21,22
203,203,2
13,17
155,155,5
5,13,16,20,22
187,187,6
2,6,12,13,16,20
187,187,6
4,6,12,13,14,17
107,107,5
4,6,13,17,20
107,107,5
6,13,17,20,22
43,43,6
5,11,12,13,20,22
27,27,6
7,10,11,13,14,20
187,187,6
5,9,12,13,20,22
459,459,3
5,9,10
107,107,5
3,7,12,20,23
11,11,6
5,7,10,17,20,22
571,571,6
3,4,7,10,12,17
139,139,6
3,5,7,12,14,20
59,59,6
5,7,12,13,14,20
187,187,7
2,10,11,14,17,20,21
475,475,7
3,5,11,15,17,20,21
283,283,7
5,11,15,17,20,21,22
107,107,7
1,11,15,17,18,20,22
283,283,7
10,11,15,17,20,21,22
475,475,6
5,11,15,16,20,22
107,107,6
8,11,12,14,20,22
283,283,6
11,14,15,17,20,22
283,283,6
2,17,18,20,21,22
11,11,6
2,17,20,21,22,24
555,555,5
7,14,15,20,22
571,571,6
7,8,14,20,22,24
475,475,1
20
251,251,9
6,7,13,14,15,21,22,23,24
523,523,11
1,5,6,7,11,12,13,15,18,19,24
523,523,10
1,2,4,5,6,8,9,12,18,24
539,539,10
2,3,4,5,6,10,11,12,18,19
491,491,9
2,3,4,5,6,8,11,12,17
507,507,8
2,3,5,6,10,11,12,23
267,267,8
1,2,3,4,5,6,9,11
299,299,6
2,3,5,9,11,13
139,139,5
2,4,5,8,11
443,443,1
5
443,443,1
19
187,187,2
7,20
459,459,4
1,3,7,19
171,171,4
3,7,13,14
11,11,1
7
459,459,6
1,2,7,8,14,15
315,315,5
1,2,7,14,15
171,171,4
2,7,8,14
219,219,4
1,2,14,15
507,507,4
7,12,13,14
171,171,4
2,13,14,20
427,427,5
2,7,13,14,21
219,219,5
2,7,8,14,20
283,283,6
2,6,7,13,14,24
283,283,6
1,2,7,8,13,14
411,411,6
1,7,8,10,13,16
123,123,4
2,7,13,17
411,411,8
1,2,3,7,8,13,14,22
187,187,7
2,7,8,13,14,17,21
395,395,7
1,2,4,7,8,13,14
203,203,6
1,2,7,8,14,17
299,299,1
21
11,11,1
23
427,427,5
16,20,21,22,23
571,571,7
3,13,20,21,22,23,24
251,251,9
16,17,18,19,20,21,22,23,24
523,523,9
12,16,17,18,20,21,22,23,24
523,523,10
11,12,16,17,18,19,20,22,23,24
523,523,10
5,6,7,8,10,11,12,13,14,19
251,251,8
1,2,3,4,5,6,7,8
27,27,4
1,2,3,8
475,475,1
7
139,139,2
5,23
299,299,4
1,2,8,23
267,267,3
17,20,24
299,299,7
2,3,4,9,19,20,22
171,171,7
2,3,5,15,17,19,23
171,171,7
2,5,7,15,18,19,20
171,171,7
1,5,7,11,13,17,19
171,171,7
1,3,5,7,9,18,24
187,187,7
3,5,12,13,16,18,19
171,171,7
3,5,7,8,10,12,13
299,299,6
2,4,10,12,13,21
187,187,7
1,2,3,5,8,9,12
171,171,7
1,2,5,8,9,12,20
107,107,7
1,5,6,9,11,12,15
171,171,8
2,3,6,10,11,12,14,18
59,59,8
7,8,9,10,11,12,15,24
139,139,8
3,4,7,9,12,15,18,24
283,283,8
1,6,7,9,12,15,17,24
459,459,8
5,6,8,9,12,14,15,24
187,187,7
2,5,7,10,12,15,24
459,459,8
2,3,7,10,12,16,18,24
123,123,6
2,6,7,8,9,12
459,459,7
2,5,9,12,15,21,24
459,459,7
2,5,7,9,12,16,24
155,155,7
2,6,9,12,16,17,24
155,155,7
3,5,6,9,16,22,24
11,11,7
2,5,9,14,15,22,24
555,555,5
3,5,9,13,18
59,59,6
2,4,9,18,21,22
139,139,1
22
523,523,9
5,7,13,19,20,21,22,23,24
523,523,11
1,6,7,8,9,11,12,14,15,18,24
523,523,10
1,2,3,4,5,6,10,11,12,18
251,251,9
2,3,4,5,6,10,11,12,18
507,507,9
2,3,4,5,6,9,10,11,12
315,315,8
2,3,4,5,9,10,12,15
267,267,7
3,4,5,9,10,11,16
299,299,6
3,4,5,9,10,16
203,203,3
3,4,10
107,107,2
4,10
11,11,1
10
443,443,2
1,7
171,171,3
7,12,13
331,331,5
1,7,13,17,23
59,59,5
1,7,12,21,24
507,507,5
1,6,13,16,18
203,203,4
1,6,23,24
491,491,6
1,6,10,12,13,18
443,443,6
1,6,12,13,18,21
283,283,6
1,6,12,13,18,24
283,283,7
1,6,9,13,14,18,24
283,283,7
1,5,6,11,12,13,18
427,427,7
1,5,6,11,12,18,21
283,283,7
5,6,11,12,13,18,20
283,283,8
6,11,12,18,20,22,23,24
59,59,5
1,6,11,12,18
203,203,7
1,6,10,11,17,18,22
203,203,7
1,3,6,10,11,12,18
427,427,6
6,11,12,17,18,24
267,267,6
6,7,11,12,18,24
267,267,7
2,6,10,11,12,18,23
203,203,7
1,6,10,12,18,22,24
427,427,1
14
571,571,4
3,14,22,23
331,331,7
3,7,13,14,17,21,23
251,251,9
13,14,17,18,20,21,22,23,24
251,251,9
15,16,17,18,20,21,22,23,24
523,523,10
12,15,17,18,19,20,21,22,23,24
523,523,10
2,4,6,7,8,10,12,13,15,19
251,251,8
1,2,3,4,6,7,8,13
379,379,3
1,2,3
459,459,1
22
203,203,3
11,21,22
139,139,4
11,21,22,24
155,155,5
4,9,11,21,22
267,267,5
9,17,21,22,23
331,331,6
6,14,18,21,22,23
171,171,7
3,4,11,19,21,22,23
43,43,8
4,5,15,16,21,22,23,24
43,43,8
15,16,17,18,19,20,21,22
27,27,7
5,9,11,15,18,21,22
59,59,8
2,3,5,11,15,16,21,22
11,11,8
3,5,6,7,15,16,21,22
267,267,7
5,6,11,12,15,16,21
59,59,8
5,6,9,11,12,13,18,21
59,59,7
5,6,15,16,21,22,23
171,171,8
6,9,11,12,15,18,19,21
475,475,8
2,4,5,6,11,15,17,21
155,155,8
4,5,6,11,14,15,20,21
155,155,8
2,6,7,9,10,12,17,21
171,171,8
6,7,9,16,18,20,21,22
107,107,6
6,7,9,13,15,21
459,459,8
2,4,8,9,12,15,16,22
187,187,8
1,6,7,10,12,15,16,21
139,139,6
6,9,12,16,21,22
203,203,7
9,12,15,16,19,21,22
443,443,8
6,7,9,13,15,16,21,22
427,427,8
6,7,9,12,13,15,16,22
427,427,7
6,13,16,17,20,21,22
411,411,8
2,4,7,10,11,16,21,22
571,571,7
7,10,13,14,16,17,21
139,139,1
15
523,523,8
7,13,14,15,19,20,23,24
523,523,11
7,8,9,10,14,16,17,18,19,23,24
523,523,10
1,2,3,4,5,6,10,11,12,18
539,539,10
1,2,3,4,5,6,10,11,12,20
507,507,9
1,2,3,4,5,6,8,11,12
235,235,7
1,2,3,4,5,11,12
299,299,5
3,4,5,6,12
299,299,4
3,5,6,12
187,187,3
2,3,5
219,219,1
5
139,139,2
2,24
139,139,2
21,24
475,475,5
6,15,20,21,24
459,459,5
5,8,16,21,24
283,283,5
4,15,18,21,24
59,59,4
14,18,21,24
171,171,5
6,18,21,23,24
443,443,5
9,12,18,21,24
283,283,5
6,15,18,21,24
283,283,5
14,15,18,21,24
491,491,5
12,14,18,21,24
219,219,5
6,14,18,21,24
107,107,5
11,15,18,21,24
427,427,7
11,12,14,15,18,21,24
283,283,6
7,12,14,18,21,24
283,283,7
6,12,14,15,21,23,24
123,123,4
7,8,21,24
411,411,8
1,7,10,12,14,15,21,24
427,427,6
1,2,6,13,14,18
267,267,6
1,6,7,10,21,24
171,171,8
1,10,14,16,18,20,21,24
171,171,8
1,7,8,10,12,18,21,24
219,219,3
9,10,21
299,299,1
9
75,75,4
17,22,23,24
555,555,8
16,17,18,20,21,22,23,24
539,539,9
16,17,18,19,20,21,22,23,24
523,523,10
11,12,16,17,18,19,20,21,23,24
523,523,10
4,9,10,11,12,13,14,15,19,20
539,539,8
1,2,3,4,5,7,8,15
395,395,4
1,2,3,6
283,283,2
4,24
139,139,3
18,22,24
299,299,4
16,21,23,24
155,155,5
10,15,16,23,24
187,187,6
10,12,15,20,23,24
171,171,7
10,16,19,21,22,23,24
571,571,3
18,23,24
91,91,6
10,14,16,18,22,24
187,187,6
15,16,18,21,22,24
27,27,7
8,10,16,17,18,20,24
555,555,3
18,23,24
187,187,6
10,16,18,22,23,24
459,459,4
13,16,18,24
187,187,6
8,16,18,20,22,24
155,155,6
16,18,21,22,23,24
571,571,5
4,10,18,22,24
155,155,7
8,16,18,21,22,23,24
155,155,8
8,16,18,19,21,22,23,24
555,555,5
10,18,22,23,24
187,187,7
8,10,11,16,18,22,24
475,475,6
8,10,16,18,22,24
283,283,7
8,11,16,18,22,23,24
107,107,7
10,16,17,18,21,22,24
107,107,7
16,17,18,21,22,23,24
107,107,7
10,16,18,19,22,23,24
475,475,6
10,16,18,22,23,24
475,475,6
5,10,16,18,22,24
59,59,6
10,12,13,18,22,24
427,427,6
10,11,12,18,22,24
59,59,6
6,12,16,18,22,24
27,27,1
7
523,523,9
1,6,7,8,13,14,15,19,20
523,523,11
1,2,3,4,7,8,9,10,12,15,22
523,523,10
2,3,4,5,6,9,10,11,12,18
507,507,9
2,3,4,5,6,10,11,12,18
235,235,9
4,5,6,10,11,12,16,17,18
331,331,6
5,6,17,20,23,24
299,299,6
5,8,11,16,21,22
299,299,5
5,6,11,16,22
395,395,4
11,16,19,22
139,139,2
16,19
107,107,1
19
443,443,1
13
187,187,2
2,20
155,155,3
14,15,20
219,219,3
2,6,20
155,155,4
4,10,14,20
91,91,3
6,14,20
283,283,4
12,14,20,24
155,155,4
2,10,13,20
59,59,4
6,11,18,24
315,315,4
6,10,12,17
155,155,4
1,12,20,24
475,475,3
2,12,20
411,411,4
11,12,18,20
459,459,4
1,2,5,24
491,491,4
2,12,14,24
59,59,3
12,18,24
491,491,4
2,12,18,24
395,395,6
2,10,11,12,13,24
491,491,5
2,12,14,18,24
379,379,4
2,14,18,24
59,59,3
2,12,14
427,427,2
5,10
347,347,3
5,10,22
43,43,6
5,10,16,19,21,22
235,235,9
1,11,16,17,19,20,22,23,24
539,539,9
16,17,18,19,20,21,22,23,24
523,523,10
11,12,14,16,17,18,19,22,23,24
523,523,10
3,4,6,7,8,9,11,12,13,14
507,507,7
1,2,3,4,7,8,13
427,427,4
1,2,7,19
571,571,1
1
107,107,2
18,23
203,203,3
5,17,24
267,267,2
18,24
267,267,4
18,19,23,24
187,187,6
11,15,16,18,23,24
75,75,6
6,11,12,16,17,24
155,155,5
10,11,17,18,24
155,155,6
6,7,11,12,20,24
187,187,7
7,11,12,16,18,20,24
27,27,6
6,12,16,17,21,24
155,155,6
6,11,12,18,21,24
459,459,3
17,18,24
11,11,5
2,11,12,18,24
107,107,6
4,6,12,14,18,24
139,139,6
4,6,11,12,18,24
139,139,7
4,6,12,14,16,18,24
59,59,7
4,6,12,18,20,23,24
555,555,6
4,6,12,14,18,24
475,475,7
9,12,16,18,20,21,24
475,475,7
1,6,12,18,22,23,24
203,203,6
6,12,14,18,22,24
123,123,5
12,15,18,22,24
267,267,5
12,16,18,23,24
139,139,6
6,8,12,17,18,24
459,459,7
5,6,12,13,18,22,24
459,459,6
6,12,14,18,22,24
155,155,7
7,10,12,14,18,19,24
155,155,6
4,5,12,18,23,24
571,571,6
4,12,17,18,23,24
475,475,1
19
507,507,9
1,3,7,13,17,19,22,23,24
507,507,11
1,2,7,11,12,16,17,18,20,23,24
507,507,10
1,2,3,5,6,9,10,11,12,16
523,523,10
2,3,4,5,6,9,10,11,12,13
235,235,9
3,4,5,6,7,8,9,10,11
331,331,6
4,5,9,10,16,21
555,555,5
3,4,5,9,14
123,123,4
3,4,9,19
283,283,4
3,4,15,19
443,443,2
4,15
11,11,1
8
395,395,1
18
459,459,3
17,18,23
59,59,4
17,18,23,24
331,331,4
14,18,23,24
171,171,5
7,12,17,22,23
171,171,5
1,6,12,23,24
171,171,5
8,11,12,23,24
171,171,5
11,17,18,22,23
507,507,4
6,8,11,17
491,491,6
6,8,11,18,22,23
427,427,5
6,18,22,23,24
155,155,5
6,11,18,22,23
59,59,3
11,18,22
299,299,5
6,16,17,18,22
203,203,7
6,11,12,14,17,21,22
203,203,6
2,6,16,18,21,22
267,267,5
6,16,22,23,24
267,267,6
2,6,11,12,13,22
187,187,7
2,11,12,17,18,22,24
171,171,8
2,6,11,16,17,19,21,22
187,187,7
11,12,16,17,18,22,23
459,459,1
6
443,443,3
3,7,14
43,43,6
3,4,13,14,15,19
555,555,9
14,15,18,19,20,21,22,23,24
555,555,9
15,17,18,19,20,21,22,23,24
539,539,10
12,15,16,17,18,20,21,22,23,24
539,539,10
4,5,6,7,9,10,11,12,16,17
507,507,8
1,2,3,4,5,6,7,8
427,427,3
1,2,7
267,267,2
1,7
571,571,1
1
459,459,1
13
139,139,2
16,23
491,491,5
2,9,16,17,18
187,187,6
3,12,15,18,22,24
75,75,6
11,12,15,18,23,24
187,187,6
10,12,15,18,22,24
155,155,6
3,10,12,18,23,24
171,171,7
3,6,12,14,18,20,24
187,187,6
6,12,14,18,22,24
187,187,6
3,4,6,11,12,24
459,459,3
18,19,24
187,187,6
3,10,12,18,23,24
11,11,5
2,6,18,23,24
123,123,5
6,12,18,23,24
187,187,7
1,6,9,12,16,18,24
59,59,6
6,12,18,20,22,24
187,187,6
6,9,12,18,22,24
267,267,4
6,7,18,24
59,59,4
6,12,18,24
203,203,4
6,18,22,24
203,203,5
6,9,12,18,24
491,491,5
6,9,12,18,24
491,491,5
6,12,16,18,24
491,491,5
6,12,18,23,24
491,491,5
6,11,12,18,24
443,443,6
3,6,12,16,18,24
427,427,6
12,15,17,18,22,24
427,427,6
6,11,12,18,22,24
267,267,1
19
507,507,9
7,11,13,15,19,20,22,23,24
507,507,11
2,3,9,10,11,12,15,17,18,23,24
507,507,10
1,2,3,4,5,6,9,10,11,12
523,523,10
1,2,3,4,5,6,10,11,12,24
235,235,9
1,2,3,4,5,6,7,8,13
235,235,7
3,4,7,10,12,19,20
107,107,6
1,3,4,7,15,22
411,411,5
1,7,8,13,19
411,411,4
1,7,13,19
123,123,3
1,13,19
123,123,2
13,19
507,507,1
19
283,283,1
24
43,43,1
24
75,75,3
11,18,24
75,75,2
11,18
219,219,2
6,13
283,283,1
6
283,283,2
4,11
219,219,2
5,6
283,283,2
9,18
283,283,2
17,24
315,315,2
8,16
