504,560
4,4,34
16,17,18,19,20,21,22,38,39,40,41,42,44,60,61,62,63,83,163,173,175,176,194,195,198,216,220,295,296,297,313,314,318,319
1,1,34
44,65,66,84,86,107,108,175,184,191,192,193,196,197,198,199,214,218,219,220,236,238,241,242,257,259,260,262,263,264,294,307,316,320
563,563,38
22,43,44,65,66,86,87,104,105,107,174,175,176,179,192,193,196,197,198,199,200,215,219,220,241,242,249,259,263,264,286,292,293,294,307,308,315,316
563,563,36
22,44,65,66,84,86,104,107,108,129,153,174,175,176,191,196,197,198,199,219,220,236,237,238,240,241,242,264,286,293,294,307,308,315,316,320
25,25,37
22,43,44,65,66,86,107,108,130,152,153,170,174,175,176,179,196,197,198,199,200,217,218,219,220,235,241,242,260,264,286,293,294,307,308,316,330
312,312,35
22,44,65,66,86,87,129,153,170,174,175,176,180,192,193,196,197,198,199,217,218,219,220,236,240,241,242,263,264,286,293,294,307,308,316
121,121,35
22,43,44,65,66,108,129,152,153,154,171,174,175,176,179,194,196,197,198,217,218,219,220,234,236,241,242,263,264,286,293,294,296,308,316
318,318,35
44,65,66,86,87,109,128,131,150,152,153,154,172,173,174,175,176,190,191,196,197,198,217,218,219,220,237,241,242,263,286,293,296,308,316
372,372,38
44,65,66,86,87,106,109,128,130,131,150,151,152,153,154,170,171,172,173,174,175,176,191,196,197,198,216,217,218,219,220,242,264,286,293,294,296,316
310,310,28
108,131,149,152,153,174,208,215,216,217,229,230,236,237,238,239,251,252,273,274,277,284,290,294,297,301,309,312
239,239,47
44,66,87,88,108,109,110,131,152,153,172,173,174,175,176,191,192,194,195,196,197,198,213,214,215,216,217,218,219,220,237,241,242,249,250,251,255,256,263,264,271,284,286,293,296,307,316
319,319,56
87,88,108,109,110,130,131,132,151,152,153,172,173,174,175,176,194,195,196,197,198,206,208,216,217,218,219,220,229,230,240,241,242,248,252,262,263,264,271,273,275,284,286,291,294,295,296,307,308,309,310,313,317,318,329,330
328,328,70
132,151,154,159,172,173,174,175,176,194,195,196,197,198,215,216,217,218,219,220,235,236,238,240,241,242,254,255,256,257,258,259,260,261,262,263,264,265,274,276,277,278,279,281,282,283,284,285,286,287,296,298,299,303,304,305,306,307,308,309,319,320,321,324,325,326,327,328,329,330
49,49,93
132,154,172,173,174,175,176,193,194,195,196,197,198,214,215,216,217,218,219,220,233,234,235,236,237,238,239,240,241,242,252,253,254,255,256,257,258,259,260,261,262,263,264,265,274,275,276,277,278,279,280,281,282,283,284,285,286,293,294,295,297,298,299,300,301,302,303,304,305,306,307,308,309,310,311,313,314,315,316,317,318,319,320,321,322,323,324,325,326,327,328,329,330
337,337,105
132,151,154,171,172,173,174,175,176,192,193,194,195,196,197,198,212,213,214,215,216,217,218,219,220,232,233,234,235,236,237,238,239,240,241,242,250,252,253,254,255,256,257,258,259,260,261,262,263,264,273,274,275,276,277,278,279,280,281,282,283,284,285,286,289,290,292,293,294,295,296,297,298,299,300,301,302,303,304,305,306,307,308,309,310,311,312,313,314,315,316,317,318,319,320,321,322,323,324,325,326,327,328,329,330
305,305,122
2,110,132,149,150,151,169,170,171,172,173,174,175,176,188,189,190,191,192,193,194,195,196,197,198,210,211,212,213,214,215,216,217,218,219,220,230,233,234,235,236,237,238,239,240,241,242,251,252,253,254,255,256,257,258,259,260,261,262,263,264,265,266,267,269,273,274,275,276,277,278,279,280,281,282,283,284,285,286,287,288,289,290,291,293,294,295,296,297,298,299,300,301,302,303,304,305,306,307,308,309,310,311,312,313,314,315,316,317,318,319,320,321,322,323,324,325,326,327,328,329,330
516,516,144
21,40,41,42,43,44,59,60,61,62,63,64,65,66,78,79,80,81,82,83,84,85,86,88,102,103,104,105,106,107,109,110,123,124,125,126,129,130,131,132,145,147,148,149,150,151,152,154,164,165,166,167,168,169,170,171,172,173,174,175,176,181,186,187,188,189,190,191,192,193,194,195,196,197,202,203,204,205,206,207,208,209,210,211,212,213,214,215,216,217,218,219,220,221,224,225,226,227,229,230,231,232,233,234,235,236,237,238,239,240,241,242,243,244,245,249,250,251,252,256,258,259,260,261,262,263,265,266,267,268,271,272,281,282,287,288,289,290,294,295,296,311,312,319
554,554,111
1,2,3,4,5,6,7,8,9,10,11,12,13,14,15,16,17,18,19,20,21,22,23,24,25,26,27,28,29,30,31,32,33,34,35,36,37,38,39,40,41,42,43,44,45,46,47,48,49,50,51,52,53,54,55,56,57,58,59,60,61,62,63,64,65,66,67,68,69,70,71,72,73,74,75,76,77,78,79,80,81,83,84,85,86,89,90,91,92,93,94,95,96,97,98,99,111,112,113,114,115,133,134,170,178,179,180,181,199,200,221
394,394,75
1,2,3,4,5,6,7,8,9,10,11,12,13,14,15,16,17,18,19,20,21,22,23,24,25,26,27,28,29,30,31,32,33,34,35,39,40,41,42,43,44,45,46,47,48,49,50,51,53,54,58,59,67,68,69,70,71,72,75,76,80,89,90,91,92,111,112,113,114,133,134,135,155,156,177
418,418,62
1,2,12,21,22,23,34,42,43,44,63,64,65,66,84,85,86,87,88,107,109,110,132,154,170,173,176,178,181,190,193,194,195,196,197,198,200,215,216,217,218,219,221,232,234,237,238,239,240,241,244,257,260,261,262,264,281,282,283,284,305,306
133,133,44
21,22,42,43,44,63,64,65,66,85,86,87,88,108,110,154,173,174,176,194,195,196,198,215,216,217,218,219,220,233,238,239,240,241,260,261,262,263,264,282,283,284,305,306
203,203,37
21,22,43,44,63,64,65,66,86,87,88,110,173,194,195,196,198,216,217,218,219,237,238,239,240,241,242,260,261,262,263,282,283,284,305,306,309
449,449,30
22,43,44,64,65,66,86,87,88,108,171,195,196,198,216,217,218,219,238,239,240,241,242,261,262,263,264,283,284,305
119,119,22
22,43,44,64,65,66,87,196,216,217,218,219,240,241,260,262,263,282,283,284,305,306
426,426,14
44,64,65,66,86,87,216,218,219,238,239,241,264,284
282,282,6
22,44,65,86,87,238
366,366,1
14
134,134,15
14,15,16,17,36,52,56,57,74,75,77,79,99,100,108
75,75,2
15,16
90,90,4
44,86,108,129
74,74,4
66,87,216,217
558,558,5
22,44,66,194,217
70,70,7
22,66,130,215,216,217,218
426,426,8
22,44,66,108,195,216,217,284
126,126,4
44,217,218,284
373,373,7
22,44,195,216,217,283,284
232,232,7
14,15,16,17,37,57,100
366,366,1
109
410,410,1
151
58,58,1
242
70,70,2
15,74
358,358,5
9,14,15,37,57
365,365,6
14,15,37,57,74,101
478,478,6
14,15,35,36,57,74
85,85,5
14,15,36,57,99
408,408,21
9,10,14,15,16,35,36,38,56,57,76,77,78,79,98,99,100,101,102,127,301
489,489,15
9,10,14,15,16,35,36,37,57,74,77,78,79,99,100
130,130,14
9,14,16,35,36,38,56,57,61,75,76,77,78,102
16,16,16
9,14,16,36,37,55,56,57,62,74,78,79,99,100,101,102
519,519,16
9,14,16,35,36,55,56,57,61,75,76,77,79,98,99,148
16,16,14
10,14,16,35,36,37,56,64,74,78,79,97,99,100
33,33,10
9,14,16,36,37,57,74,99,101,102
438,438,11
14,16,36,37,38,57,74,77,80,100,102
462,462,37
199,221,222,243,244,245,246,247,265,266,267,268,269,270,287,288,289,290,291,292,293,294,297,309,310,311,312,313,314,315,316,317,318,319,320,321,322
306,306,106
111,112,113,133,134,135,136,138,155,156,157,158,162,177,179,180,183,184,185,186,199,200,202,206,207,208,209,210,211,212,221,222,224,229,230,231,232,233,234,235,236,237,243,244,245,246,251,252,253,254,255,256,257,258,259,260,263,265,266,267,268,269,273,274,275,276,277,278,279,280,281,282,283,284,285,286,287,288,289,296,297,298,299,300,301,302,303,304,305,306,307,308,316,318,319,320,321,322,323,324,325,326,327,328,329,330
516,516,141
1,2,3,4,5,6,7,8,9,10,11,12,23,24,25,26,27,28,29,30,31,32,33,34,35,36,37,38,45,46,47,48,49,50,51,52,53,54,55,56,57,58,59,60,61,67,68,69,70,71,72,73,74,75,76,77,78,79,80,81,82,83,84,90,91,92,93,94,95,96,97,98,99,100,101,102,103,104,105,106,107,108,109,110,112,113,114,115,116,117,118,119,120,121,122,123,124,125,126,127,128,129,130,131,135,136,137,138,139,140,141,142,143,144,145,147,148,149,150,151,152,153,154,163,164,165,166,167,171,172,173,174,175,176,190,195,196,197,220,242,264
531,531,130
1,2,3,4,5,6,7,8,9,10,11,12,13,14,15,16,17,18,19,20,21,22,24,25,26,27,28,29,30,31,32,33,34,35,36,37,38,39,40,41,42,43,44,50,51,52,53,54,55,56,57,58,59,60,61,62,63,64,65,66,74,75,76,77,78,79,80,81,82,83,84,85,86,87,88,98,99,100,101,102,103,104,105,106,107,108,109,110,121,122,123,124,125,126,127,128,129,130,131,132,144,145,146,147,148,149,150,151,152,153,154,165,166,167,168,169,170,171,172,173,174,175,176,194,196,197,198,219,220,242
556,556,117
3,4,5,6,7,8,9,10,11,12,13,14,15,16,17,18,19,20,21,22,28,29,30,31,32,33,34,35,36,37,38,39,40,41,42,43,44,52,53,54,55,56,57,58,59,60,61,62,63,64,65,66,76,78,79,80,81,82,83,84,85,86,87,88,100,101,102,103,104,105,106,107,108,109,110,123,124,125,126,127,128,129,130,131,132,146,147,148,149,150,151,152,153,154,168,169,170,171,172,173,174,175,176,191,192,194,195,196,197,198,217,218,219,220,241,242,286
196,196,112
3,5,10,11,12,13,14,15,16,17,18,19,20,21,22,33,35,36,37,38,39,40,41,42,43,44,56,57,58,59,60,61,62,63,64,65,66,78,80,82,83,84,85,86,87,88,101,102,106,107,108,109,110,124,125,126,128,129,130,131,132,145,146,147,148,149,150,151,152,153,154,168,169,170,171,172,173,174,175,176,186,190,191,192,193,194,195,196,197,198,210,213,214,215,216,217,218,219,220,240,241,242,261,262,263,264,284,285,286,306,308,315
269,269,96
12,14,15,16,17,18,19,20,21,22,34,41,42,43,44,61,62,63,64,65,66,83,87,88,108,109,110,127,128,129,130,131,132,146,147,148,149,150,151,152,153,154,165,168,169,170,171,172,173,174,175,176,185,186,187,188,189,190,191,192,193,194,195,196,197,198,209,210,211,212,213,214,215,216,217,218,219,220,232,234,235,238,240,241,242,255,257,262,263,264,281,285,286,305,308,314
279,279,77
15,16,17,20,21,22,43,44,74,88,129,130,131,132,146,148,149,150,151,152,153,154,169,170,171,172,173,174,175,176,186,191,193,194,195,196,197,198,209,210,212,214,216,217,218,219,220,231,234,235,237,239,240,241,242,254,255,257,258,262,263,264,271,276,277,283,284,285,286,290,292,303,305,307,308,313,315
394,394,63
130,131,132,148,149,150,151,152,153,154,168,171,172,173,174,175,176,186,191,192,193,194,195,196,197,198,212,213,215,216,218,219,220,234,235,238,241,242,243,255,256,257,261,263,264,268,269,278,282,283,284,285,286,290,304,305,306,307,308,314,315,316,321
13,13,53
130,131,132,148,149,150,151,152,153,154,167,169,170,171,172,173,174,175,176,191,194,195,196,197,198,213,216,218,219,220,233,234,236,240,241,242,255,256,257,262,263,264,282,283,284,285,286,293,303,305,306,308,309
67,67,30
132,148,150,151,152,153,154,176,193,194,195,196,197,198,219,220,241,242,244,255,262,263,264,282,284,285,304,307,326,328
138,138,25
132,152,153,154,176,198,219,220,235,242,244,255,256,257,263,264,284,285,286,298,304,306,307,309,324
58,58,9
154,197,244,256,263,264,266,285,286
9,9,2
256,264
479,479,2
52,75
574,574,3
32,52,75
574,574,6
14,52,57,64,74,75
407,407,7
30,32,52,57,63,74,75
318,318,7
9,31,33,35,52,57,75
459,459,19
8,9,20,30,31,32,33,34,36,52,53,61,63,64,65,74,75,79,300
370,370,3
52,61,75
38,38,1
52
307,307,3
52,74,75
309,309,3
32,52,75
567,567,1
55
438,438,3
32,33,55
38,38,2
9,32
544,544,4
34,54,55,74
266,266,26
8,9,10,21,29,30,31,32,33,34,35,52,53,54,55,56,57,58,59,72,74,75,78,79,101,102
419,419,1
147
211,211,20
249,269,270,271,287,289,290,292,293,307,308,309,310,311,313,314,315,316,329,330
258,258,50
174,175,176,220,239,240,241,242,260,261,262,263,264,269,270,271,281,282,283,284,285,286,287,289,290,292,293,297,303,304,305,306,307,308,309,310,312,313,314,315,316,319,320,324,325,326,327,328,329,330
91,91,87
154,174,175,176,195,196,197,198,214,216,217,218,219,220,234,235,236,237,238,239,240,241,242,256,257,258,259,260,261,262,263,264,268,269,276,277,278,279,280,281,282,283,284,285,286,287,288,289,290,291,292,293,294,296,297,298,299,300,301,302,303,304,305,306,307,308,309,310,311,312,313,314,315,316,318,319,320,321,322,323,324,325,326,327,328,329,330
222,222,100
154,173,174,175,176,193,194,195,196,197,198,213,214,215,216,217,218,219,220,233,234,235,236,237,238,239,240,241,242,251,252,253,254,255,256,257,258,259,260,261,262,263,264,272,273,274,275,276,277,278,279,280,281,282,283,284,285,286,289,290,291,292,293,294,295,296,297,298,299,300,301,302,303,304,305,306,307,308,309,310,311,312,313,314,315,316,317,318,319,320,321,322,323,324,325,326,327,328,329,330
228,228,119
131,132,151,152,153,154,170,171,172,173,174,175,176,190,191,192,193,194,195,196,197,198,209,210,211,212,213,214,215,216,217,218,219,220,228,229,230,231,232,233,234,235,236,237,238,239,240,241,242,251,252,253,254,255,256,257,258,259,260,261,262,263,264,269,273,274,275,276,277,278,279,280,281,282,283,284,285,286,290,291,292,293,294,295,296,297,298,299,300,301,302,303,304,305,306,307,308,309,310,311,312,313,314,315,316,317,318,319,320,321,322,323,324,325,326,327,328,329,330
524,524,142
2,43,44,63,64,65,66,81,82,83,84,85,86,87,88,102,103,104,105,106,107,108,109,110,121,122,123,124,125,126,127,128,129,130,131,132,138,139,140,141,142,143,144,145,146,147,148,149,150,151,152,153,154,161,162,163,164,165,166,167,168,169,170,171,172,173,174,175,176,180,183,184,185,186,187,188,189,190,191,192,193,194,195,196,197,198,205,206,207,208,209,210,211,212,213,214,215,216,217,218,219,220,228,229,230,231,232,233,234,235,236,237,238,239,240,241,243,246,251,252,253,254,255,256,257,266,267,268,274,276,277,278,287,288,289,290,297,298,309,310,311,319
554,554,107
1,2,3,4,5,6,7,8,9,10,11,12,13,14,15,16,17,18,19,20,21,23,24,25,26,27,28,29,30,31,32,33,34,35,36,37,38,39,40,41,42,45,46,47,48,49,50,51,52,53,54,55,56,57,58,59,60,61,62,63,67,68,69,70,71,72,73,74,75,76,77,78,79,80,81,82,89,90,91,92,93,94,95,96,97,98,99,100,101,111,112,113,114,115,116,117,118,119,120,121,133,134,135,138,139,140,141
498,498,67
1,2,3,4,5,6,7,8,9,10,11,12,13,16,17,19,23,24,25,26,27,28,29,30,31,32,33,34,35,45,46,47,48,49,50,51,52,53,54,67,68,69,70,71,72,73,86,89,90,91,92,93,94,95,111,112,113,114,115,117,133,134,135,136,155,156,177
17,17,44
1,2,3,4,5,23,24,25,154,163,164,176,177,195,196,197,198,215,216,217,218,219,221,222,238,239,240,241,242,244,255,261,262,264,266,283,284,285,287,288,299,309,315,316
34,34,25
12,175,176,197,215,216,217,218,238,240,241,242,260,261,262,263,264,283,284,285,286,309,314,316,320
122,122,11
175,176,217,238,239,240,241,242,263,264,316
121,121,3
154,262,263
429,429,5
59,61,85,86,88
284,284,8
22,36,59,61,85,86,87,88
480,480,17
8,14,22,36,37,38,55,56,59,61,62,78,85,86,87,88,101
75,75,21
8,14,15,16,22,36,37,38,39,55,56,59,61,62,78,84,85,86,87,88,139
74,74,37
8,14,15,16,17,21,22,36,37,38,39,43,44,55,56,57,59,60,61,62,65,66,77,78,79,81,82,84,85,86,87,88,100,101,103,250,295
486,486,25
7,8,14,15,16,17,22,36,37,38,55,56,59,61,62,78,79,84,85,86,87,88,101,102,295
486,486,20
14,15,16,17,22,36,38,39,56,57,59,61,62,79,84,85,86,87,88,295
68,68,11
22,36,44,59,60,61,84,85,86,87,295
70,70,8
36,37,59,61,84,85,86,87
93,93,6
36,61,84,85,86,87
19,19,9
39,59,60,61,62,84,85,86,87
289,289,8
36,56,60,61,84,85,86,87
572,572,12
8,14,36,56,59,60,61,62,84,85,86,87
185,185,30
8,14,15,17,28,36,37,38,39,40,44,51,56,57,59,60,61,62,63,64,66,74,77,84,85,86,87,99,101,153
570,570,13
14,36,37,44,56,59,60,61,62,74,84,85,86
350,350,15
6,36,37,38,39,51,56,59,60,61,62,84,85,86,290
88,88,13
14,22,36,55,56,59,60,61,62,74,84,85,86
527,527,15
6,14,15,36,37,44,56,57,59,60,61,62,84,85,86
496,496,20
5,14,15,16,36,37,39,55,56,57,59,60,61,62,74,80,84,85,86,200
70,70,13
14,22,36,55,56,59,60,61,62,80,84,85,86
496,496,19
14,15,28,29,36,39,44,51,55,56,59,60,61,62,80,84,85,86,140
466,466,17
6,14,36,39,44,55,56,57,59,60,61,62,80,81,84,85,86
45,45,37
7,8,9,14,15,16,22,28,29,30,35,36,37,38,39,44,55,56,57,59,60,61,62,63,64,66,74,76,77,78,80,84,85,98,99,100,101
121,121,27
5,6,8,9,14,15,16,22,35,36,37,39,55,56,57,60,61,62,66,74,76,77,80,85,98,99,100
69,69,24
8,9,14,15,16,29,36,37,39,55,56,57,60,61,62,66,74,77,80,85,98,99,100,101
155,155,23
5,6,8,14,15,16,35,36,37,44,55,56,57,60,61,62,66,74,77,80,84,99,100
18,18,17
9,14,36,39,44,55,56,57,60,61,62,66,74,77,99,100,101
128,128,14
6,9,14,36,55,56,57,60,61,74,77,99,100,101
137,137,17
14,36,37,44,55,56,57,60,61,62,66,74,77,79,99,100,229
24,24,17
6,14,36,43,44,55,56,57,60,61,65,74,77,78,99,100,101
73,73,35
221,243,244,245,265,266,267,268,269,270,271,287,288,289,290,291,292,293,294,296,297,298,309,310,311,312,313,314,315,316,317,318,319,320,321
547,547,106
89,111,112,113,114,135,136,137,138,155,156,157,160,161,177,179,182,183,184,186,199,205,206,207,208,209,210,224,225,226,227,228,229,230,231,232,233,234,235,236,246,247,248,249,250,251,252,253,254,255,256,257,258,259,260,269,270,271,272,273,274,275,276,277,278,279,280,281,282,283,284,285,292,293,294,295,296,297,298,299,300,301,302,303,304,305,306,307,308,314,315,316,317,318,319,320,321,322,323,324,325,326,327,328,329,330
516,516,143
1,2,3,4,5,6,7,8,11,12,23,24,25,26,27,28,29,30,31,35,45,46,47,48,49,50,51,52,53,54,55,58,59,60,67,68,69,70,71,72,73,74,75,76,77,78,79,80,81,82,83,84,89,90,91,92,93,94,95,96,97,98,99,100,101,102,103,104,105,107,111,112,113,114,115,116,117,118,119,120,121,122,123,124,125,126,127,129,130,131,135,136,137,138,139,140,141,142,143,144,147,148,149,150,151,152,153,154,159,160,161,162,163,165,166,167,169,170,171,172,173,174,175,176,191,192,193,194,195,196,197,198,214,215,216,217,218,219,220,240,242,263,264
517,517,129
1,2,3,4,5,6,7,8,9,10,11,12,13,14,15,16,17,18,19,20,21,22,23,24,25,26,27,28,29,30,31,32,33,34,35,36,37,38,39,40,41,42,43,44,47,48,49,50,51,52,53,54,55,56,57,58,59,60,61,62,63,64,65,66,74,76,77,78,79,80,81,82,83,84,85,86,87,88,98,99,100,101,102,103,104,105,106,107,108,109,110,123,124,125,126,127,128,129,130,131,132,144,145,146,147,148,149,150,151,152,153,154,169,170,171,172,173,174,175,176,193,194,195,196,197,198,218,219,220
297,297,116
2,3,4,5,6,7,8,9,10,11,12,13,14,15,16,17,18,19,20,21,22,25,26,27,28,29,30,31,32,33,34,35,36,37,38,39,40,41,42,43,44,49,53,54,55,56,57,58,59,60,61,62,63,64,65,66,77,78,79,80,81,82,83,84,85,86,87,88,102,103,104,105,106,107,108,109,110,125,126,127,128,129,130,131,132,146,147,148,149,150,151,152,153,154,169,170,171,172,173,174,175,176,192,193,194,195,196,197,198,217,218,219,220,241,242,264
318,318,108
1,2,3,4,5,6,7,8,12,13,14,15,16,17,18,19,20,21,22,28,29,32,33,35,36,37,38,39,40,41,42,43,44,45,47,59,60,61,62,63,64,65,66,78,81,82,83,84,85,86,87,88,106,107,108,109,110,125,126,127,128,129,130,131,132,143,144,147,148,149,150,151,152,153,154,166,167,168,169,170,171,172,173,174,175,176,189,190,191,192,195,196,197,198,216,218,219,220,241,262,263,264,284,285,286,290,306,308
141,141,88
11,13,14,15,16,17,18,19,20,21,22,37,38,39,40,41,42,43,44,58,60,61,62,63,64,65,66,81,82,83,84,85,86,87,88,106,107,108,109,110,126,127,128,129,130,131,132,143,145,148,149,150,151,152,153,154,166,167,168,169,170,172,173,174,175,176,177,189,195,196,197,198,212,216,217,218,220,240,241,242,244,263,264,266,267,285,288,289
492,492,71
15,16,17,18,19,20,21,22,38,39,40,41,42,43,44,64,65,66,108,109,110,128,130,131,132,148,149,150,151,152,153,154,155,167,172,173,174,175,176,177,195,196,197,198,204,206,220,225,226,229,244,247,252,253,264,265,266,268,269,286,288,289,290,291,292,293,309,310,311,312,313
386,386,58
109,110,131,132,150,151,154,165,166,167,168,169,173,175,176,177,178,180,181,182,187,192,199,200,202,203,204,205,206,208,217,221,222,224,225,227,242,244,249,264,265,266,268,270,271,288,289,290,291,292,293,308,309,310,311,312,313,315
31,31,52
131,132,143,144,151,155,165,167,168,169,173,176,177,183,184,190,191,197,198,199,203,204,205,206,207,208,209,210,222,225,226,227,229,242,243,248,249,266,269,271,277,287,288,289,290,292,293,297,309,311,314,315
35,35,23
127,130,132,133,143,149,151,153,155,166,167,175,177,178,183,206,227,264,266,271,286,310,312
99,99,22
143,144,147,151,155,165,166,168,169,170,172,173,177,182,183,184,199,203,204,205,206,251
94,94,16
142,143,144,155,156,170,173,176,177,178,183,204,206,208,227,230
24,24,14
143,144,165,166,167,168,177,186,192,204,205,206,207,231
3,3,16
143,144,147,155,168,170,177,178,199,208,209,210,230,231,249,251
3,3,15
132,143,144,155,165,166,168,173,177,203,204,209,226,230,231
1,1,16
143,145,168,169,173,177,189,199,205,208,225,227,229,230,231,233
11,11,17
132,143,144,165,166,167,168,169,182,190,191,203,205,206,230,231,292
256,256,20
142,143,144,148,155,167,168,170,189,190,204,208,209,225,229,230,231,232,233,292
481,481,2
10,11
553,553,18
88,108,110,147,165,168,183,185,203,205,206,208,209,210,211,231,269,270
469,469,20
110,132,133,143,147,168,182,184,185,204,205,206,209,211,232,248,270,271,291,329
144,144,20
108,109,110,144,147,155,169,179,183,184,185,204,205,208,209,210,227,249,270,330
122,122,21
110,130,131,133,143,147,154,178,179,182,183,184,186,200,204,205,206,208,210,247,329
544,544,22
109,110,132,143,147,151,167,168,170,173,178,183,185,204,205,206,207,208,227,230,313,329
18,18,20
110,130,131,132,147,151,169,183,184,185,186,187,204,205,206,210,248,268,270,330
309,309,19
108,110,130,131,132,147,151,152,169,178,179,181,183,185,203,204,205,227,329
214,214,15
109,130,132,151,152,174,177,183,184,185,204,205,206,226,248
569,569,8
11,31,33,35,55,56,57,271
85,85,8
132,203,204,205,206,225,288,330
56,56,19
176,177,199,200,203,221,222,223,243,265,286,287,288,307,308,309,310,329,330
12,12,53
140,154,173,175,176,177,196,197,198,199,200,219,220,221,222,238,240,241,242,243,260,261,262,263,264,265,266,281,282,283,284,285,286,287,288,298,299,303,304,305,306,307,308,309,310,320,324,325,326,327,328,329,330
81,81,90
154,173,174,175,176,195,196,197,198,199,200,217,218,219,220,221,222,237,238,239,240,241,242,243,244,254,255,256,257,258,259,260,261,262,263,264,265,266,268,275,276,277,278,279,281,282,283,284,285,286,287,288,289,290,291,292,293,297,298,299,300,302,303,304,305,306,307,308,309,310,311,312,313,314,315,316,317,318,319,320,321,322,323,324,325,326,327,328,329,330
571,571,104
154,173,174,175,176,193,194,195,196,197,198,214,215,216,217,218,219,220,230,231,233,234,235,236,237,238,239,240,241,242,251,252,253,254,255,256,257,258,259,260,261,262,263,264,268,269,271,274,275,276,277,278,279,280,281,282,283,284,285,286,287,288,289,290,291,292,293,294,295,296,297,298,299,300,301,302,303,304,305,306,307,308,309,310,311,312,313,314,315,316,317,318,319,320,321,322,323,324,325,326,327,328,329,330
297,297,119
152,153,154,172,173,174,175,176,193,194,195,196,197,198,212,213,214,215,216,217,218,219,220,230,231,232,233,234,235,236,237,238,239,240,241,242,244,246,247,249,251,252,253,254,255,256,257,258,259,260,261,262,263,264,265,266,267,268,269,270,271,273,274,275,276,277,278,279,280,281,282,283,284,285,286,287,288,289,290,291,292,293,294,295,296,297,298,299,300,301,302,303,304,305,306,307,308,309,310,311,312,313,314,315,316,317,318,319,320,321,322,323,324,325,326,327,328,329,330
516,516,140
66,87,88,106,107,108,109,110,125,126,127,128,129,130,131,132,146,147,148,149,150,151,152,153,154,163,164,165,166,167,168,169,170,171,172,173,174,175,176,182,184,185,186,187,188,189,190,191,192,193,194,195,196,197,198,203,204,205,206,207,208,209,210,211,212,213,214,215,216,217,218,219,220,225,226,227,228,229,230,231,232,233,234,235,236,237,238,239,240,241,242,247,248,249,250,251,252,253,254,255,256,257,258,259,260,267,268,269,270,271,272,273,274,275,276,277,278,279,289,290,291,292,293,294,295,296,297,298,299,300,310,311,312,313,314,315,316,317,318,319
297,297,113
1,2,3,4,5,6,7,8,9,10,11,12,13,14,15,16,17,18,19,20,21,23,24,25,26,27,28,29,30,31,32,33,34,35,36,37,38,39,45,46,47,48,49,50,51,52,53,54,55,56,57,58,59,60,67,68,69,70,71,72,73,74,75,76,77,78,79,80,81,82,89,90,91,92,93,94,95,96,97,98,99,100,111,112,113,114,115,116,117,118,119,120,133,134,135,136,137,138,139,140,158,159,160,161,162,163,181,182,183,184,203,204,205
537,537,75
1,2,3,4,5,6,7,8,9,10,11,12,13,14,15,16,17,18,23,24,25,26,27,28,29,30,31,32,33,34,45,46,47,48,49,50,51,52,53,54,58,67,68,69,70,71,72,73,76,80,81,89,90,91,92,93,94,96,111,112,113,114,115,116,117,118,133,134,135,136,138,155,156,157,158
66,66,60
1,2,3,4,23,24,25,72,90,91,92,93,94,133,141,142,157,158,159,160,161,162,163,164,167,179,180,181,183,184,185,186,187,188,198,199,202,203,204,205,206,207,208,209,210,221,225,226,243,249,256,260,265,268,270,271,288,309,313,316
561,561,43
72,91,93,112,113,155,160,163,164,165,180,181,182,183,184,185,187,188,199,203,204,205,207,209,221,225,227,229,241,247,260,262,269,270,271,281,284,294,309,314,315,316,325
426,426,31
157,158,159,160,161,162,163,181,184,185,186,187,202,203,204,208,209,210,225,230,243,249,270,271,284,285,306,309,313,316,325
456,456,24
72,138,157,158,159,160,161,162,163,164,165,180,181,182,183,184,185,203,204,206,225,284,291,316
417,417,12
162,163,164,181,185,187,203,204,225,226,249,285
154,154,3
160,181,203
569,569,1
57
569,569,2
7,22
13,13,13
6,7,14,15,17,19,21,36,56,57,78,100,195
137,137,6
14,19,20,21,116,295
98,98,4
14,19,36,63
373,373,1
19
79,79,1
50
484,484,2
18,185
200,200,1
72
484,484,1
17
30,30,2
14,17
217,217,11
5,6,14,56,78,79,101,170,171,194,295
421,421,1
6
421,421,1
79
45,45,1
49
398,398,3
6,7,14
102,102,2
7,14
335,335,5
7,9,14,56,150
3,3,3
7,9,78
217,217,5
7,8,9,55,78
70,70,26
4,5,6,7,8,9,10,52,55,56,57,77,78,79,80,98,99,101,150,166,195,217,250,295,308,328
452,452,12
7,8,9,56,58,78,101,149,150,151,328,329
36,36,16
7,8,9,56,57,58,62,78,79,80,101,150,250,295,328,329
569,569,13
7,8,9,55,56,57,58,78,79,80,101,150,250
142,142,9
7,8,9,56,58,79,101,150,250
64,64,11
7,8,9,56,58,78,79,80,101,150,250
8,8,6
7,8,9,58,80,302
32,32,9
8,9,58,78,79,80,101,150,301
314,314,38
221,243,244,246,247,248,265,266,267,268,269,270,271,272,273,287,288,289,290,291,292,293,294,296,297,309,310,311,312,313,314,315,316,317,318,319,320,321
294,294,108
111,112,134,135,136,138,139,156,157,158,159,160,161,162,163,180,181,182,183,184,185,186,187,202,203,204,205,206,207,208,209,210,211,224,225,226,227,228,229,230,231,232,233,234,235,246,247,248,249,250,251,252,253,254,255,256,257,269,270,271,272,273,274,275,276,277,278,279,281,282,283,284,285,286,291,292,293,294,295,296,297,298,299,300,301,303,304,305,306,307,308,314,315,316,317,318,319,320,321,322,323,324,325,326,327,328,329,330
523,523,143
2,3,4,5,6,7,8,9,10,11,12,13,22,23,24,25,26,27,28,29,30,31,32,34,35,37,38,39,45,46,48,49,50,51,52,53,54,58,59,60,61,62,63,67,69,70,71,72,73,74,75,76,77,78,79,80,81,82,83,84,85,86,87,88,89,90,92,93,94,95,96,97,98,99,100,101,102,103,104,105,106,107,108,109,110,112,117,118,119,120,121,122,123,124,125,126,127,128,129,130,131,132,139,140,141,142,143,144,145,146,147,148,149,150,151,152,153,154,163,164,166,167,168,169,170,171,172,173,174,175,176,189,190,191,192,193,196,197,198,214,218,284,285
507,507,130
1,2,3,4,5,6,7,8,9,10,11,12,13,14,15,16,17,18,19,20,21,22,23,24,25,26,27,28,29,30,31,32,33,34,35,36,37,38,39,40,41,42,43,44,46,47,48,49,50,51,52,53,54,55,56,57,58,59,60,61,62,63,64,65,66,68,69,70,71,72,73,74,75,76,77,78,79,80,81,82,83,84,85,86,87,88,92,95,98,100,101,102,103,104,105,106,107,108,109,110,123,124,125,126,127,128,129,130,131,132,147,148,149,150,151,152,153,154,169,170,172,173,174,175,176,194,195,196,197,198
509,509,118
1,2,3,4,5,6,7,8,9,10,11,12,13,14,15,16,17,18,19,20,21,22,23,24,25,26,27,28,29,30,31,32,33,34,35,36,37,38,39,40,41,42,43,44,45,46,47,48,49,51,53,54,55,56,57,58,59,60,61,62,63,64,65,66,67,70,72,76,77,78,79,80,81,82,83,84,85,86,87,88,102,103,104,105,106,107,108,109,110,125,126,127,128,129,130,131,132,147,148,149,150,151,152,153,154,171,172,173,174,175,176,194,195,196,197,198,218,220
286,286,110
1,2,7,12,13,14,15,16,17,18,19,20,21,22,23,24,26,27,28,29,35,36,37,38,39,40,41,42,43,44,45,46,47,48,59,60,61,62,63,64,65,66,68,69,70,71,72,82,83,84,85,86,87,88,90,106,107,108,109,110,111,112,113,125,128,129,130,131,132,133,149,150,151,152,153,154,155,156,174,175,176,177,178,179,195,196,197,198,199,200,215,221,222,243,244,262,265,266,267,268,284,287,288,289,290,307,309,310,311,312
487,487,95
1,7,14,15,16,17,18,19,20,21,22,23,24,35,37,38,39,40,41,42,43,44,45,46,47,59,60,61,62,63,64,65,66,67,68,69,81,82,83,84,85,86,87,88,96,105,106,109,110,129,132,133,147,150,151,152,154,155,173,174,175,176,177,178,179,195,196,197,198,199,200,218,220,221,222,223,240,243,244,245,263,265,266,267,285,287,288,289,290,307,309,310,311,312,327
13,13,80
1,15,16,17,18,19,20,21,22,23,24,25,37,38,39,40,41,42,43,44,45,46,47,59,60,61,62,65,66,67,68,69,71,72,83,84,88,89,93,111,112,125,133,155,156,174,175,176,177,178,179,196,197,198,199,200,221,222,224,238,243,244,248,265,266,267,269,271,287,288,289,290,291,304,306,309,310,311,312,313
379,379,72
7,23,24,25,29,45,46,47,48,49,50,67,68,69,70,71,73,89,91,111,112,113,133,135,136,155,157,175,176,177,178,180,199,200,203,204,217,221,222,225,226,243,244,248,265,266,267,268,269,270,285,287,288,289,290,291,292,293,294,296,298,305,306,309,310,311,312,313,314,316,318,326
564,564,69
7,23,24,26,29,45,46,47,48,49,50,67,68,69,71,72,89,111,112,134,135,155,156,157,158,162,177,178,179,180,181,184,199,200,202,203,204,221,222,224,225,226,243,244,246,247,248,252,265,266,267,268,269,270,274,275,287,288,290,291,292,296,298,299,309,310,311,312,313
452,452,47
6,39,45,59,67,68,129,133,134,151,154,155,156,177,178,199,200,204,221,222,226,240,241,243,248,262,263,265,267,268,269,270,287,288,290,291,304,305,306,307,308,310,311,324,325,327,328
137,137,48
6,7,24,27,49,61,62,67,68,70,71,90,91,111,133,134,135,155,156,157,158,159,177,178,181,199,200,203,221,222,243,244,247,265,266,267,269,270,287,288,289,290,291,309,310,311,312,313
85,85,44
6,27,49,50,60,61,62,71,83,133,134,135,155,156,157,177,178,179,180,181,199,200,202,203,221,222,243,244,266,267,268,269,270,287,288,289,290,291,309,310,311,312,313,314
124,124,41
7,27,49,62,71,134,155,156,159,177,178,179,181,199,200,203,205,221,222,225,226,227,243,244,248,265,266,267,268,269,270,287,288,289,291,309,310,311,312,313,314
341,341,39
6,7,29,49,61,67,125,135,155,156,177,178,180,181,199,203,204,225,226,243,244,246,247,265,266,268,269,270,287,288,289,290,291,292,309,310,311,312,313
132,132,37
6,7,49,60,61,62,71,82,90,125,134,155,156,157,177,179,203,204,224,243,244,247,266,267,268,269,270,287,288,289,290,291,309,310,311,312,313
217,217,37
27,61,62,83,84,89,125,133,135,136,155,157,178,179,181,199,221,225,243,244,246,247,265,266,267,268,269,270,287,288,289,290,291,309,310,311,312
537,537,36
7,27,49,50,61,62,71,82,84,125,136,158,160,180,183,203,225,243,244,246,247,266,267,268,269,270,287,288,289,290,291,309,310,311,312,313
362,362,38
6,7,27,39,49,60,61,62,83,84,89,111,125,133,155,156,157,177,180,181,221,225,243,244,247,266,267,268,269,270,287,288,289,290,310,311,312,314
8,8,30
101,123,131,162,196,202,221,222,237,243,244,259,260,265,266,267,268,287,288,289,290,302,303,304,309,310,311,312,324,325
362,362,39
27,39,40,49,61,62,63,82,84,89,155,161,162,163,181,183,184,185,225,244,246,256,265,266,267,268,269,277,281,287,288,289,290,309,310,311,312,327,328
439,439,39
39,40,60,61,62,67,68,89,136,161,162,163,177,178,183,184,185,221,222,243,244,246,259,265,266,267,268,277,281,288,289,290,310,311,312,324,325,326,328
15,15,40
27,39,40,49,61,62,63,67,82,83,84,89,111,139,155,156,161,162,163,178,184,185,200,221,222,243,244,247,252,265,266,267,268,281,288,289,290,310,311,328
477,477,39
27,39,40,61,62,67,83,156,161,162,163,164,178,183,184,185,199,200,213,221,222,243,244,255,256,259,265,266,267,269,281,288,289,291,310,311,312,327,328
56,56,38
39,40,61,62,67,83,89,111,125,160,161,162,163,178,183,184,185,199,200,213,221,222,243,244,256,257,259,264,265,266,267,288,289,290,310,311,312,328
56,56,38
39,45,61,62,82,83,84,89,160,161,162,163,183,184,185,186,199,200,207,221,222,230,235,243,244,255,257,263,265,266,267,276,277,288,289,310,311,312
466,466,38
45,60,61,82,84,104,151,161,162,163,178,182,183,184,185,199,200,207,221,222,243,244,253,255,259,262,263,264,265,266,267,277,281,288,289,310,311,326
309,309,36
39,45,60,61,84,151,161,162,163,178,184,185,199,200,221,222,238,243,244,255,259,261,262,263,264,265,266,267,288,289,290,310,311,312,326,327
332,332,22
124,130,180,199,221,222,223,243,244,245,265,266,267,287,288,289,290,311,312,321,322,327
66,66,34
82,199,200,202,216,217,221,222,223,225,237,238,240,243,244,245,261,262,263,264,265,266,267,268,287,288,289,290,309,310,311,312,325,326
3,3,39
136,158,177,180,199,200,201,202,221,222,223,224,244,245,246,261,262,263,264,265,266,267,268,287,288,289,290,291,309,310,311,312,313,325,326,327,328,329,330
553,553,68
158,160,177,183,198,199,200,201,202,217,218,220,221,222,223,224,237,238,239,240,241,242,244,245,246,259,260,261,262,263,264,266,267,268,269,281,282,283,284,285,286,288,289,290,291,292,303,304,305,306,307,308,309,310,311,312,313,314,320,321,323,324,325,326,327,328,329,330
545,545,95
132,151,154,175,176,195,196,197,198,199,200,215,216,217,218,219,220,224,225,235,236,237,238,239,240,241,242,245,246,247,255,256,257,258,259,260,261,262,263,264,266,267,268,269,270,275,276,277,278,279,280,281,282,283,284,285,286,287,288,289,290,291,292,293,297,298,299,300,302,303,304,305,306,307,308,309,310,311,312,313,314,315,316,319,320,321,322,323,324,325,326,327,328,329,330
266,266,106
132,151,153,154,173,174,175,176,193,194,195,196,197,198,213,214,215,216,217,218,219,220,229,232,233,234,235,236,237,238,239,240,241,242,249,252,253,254,255,256,257,258,259,260,261,262,263,264,268,269,270,271,273,274,275,276,277,278,279,280,281,282,283,284,285,286,290,291,292,293,294,295,296,297,298,299,300,301,302,303,304,305,306,307,308,310,311,312,313,314,315,316,317,318,319,320,321,322,323,324,325,326,327,328,329,330
321,321,121
131,132,150,151,152,153,154,171,172,173,174,175,176,191,192,193,194,195,196,197,198,211,212,213,214,215,216,217,218,219,220,226,227,229,230,231,232,233,234,235,236,237,238,239,240,241,242,246,247,248,249,251,252,253,254,255,256,257,258,259,260,261,262,263,264,268,269,270,271,272,273,274,275,276,277,278,279,280,281,282,283,284,285,286,291,292,293,294,295,296,297,298,299,300,301,302,303,304,305,306,307,308,311,313,314,315,316,317,318,319,320,321,322,323,324,325,326,327,328,329,330
515,515,140
65,66,84,85,86,87,88,105,106,107,108,109,110,124,125,126,127,128,129,130,131,132,142,143,144,145,146,147,148,149,150,151,152,153,154,162,163,164,165,166,167,168,169,170,171,172,173,174,175,176,183,184,185,186,187,188,189,190,191,192,193,194,195,196,197,198,204,205,206,207,208,209,210,211,212,213,214,215,216,217,218,225,226,227,228,229,230,231,232,233,234,235,236,237,238,247,248,249,250,251,252,253,254,255,256,257,258,259,260,269,270,271,272,273,274,275,276,277,278,279,280,281,292,293,294,295,296,297,298,299,300,314,315,316,317,318,319,320,321,330
556,556,113
1,2,3,4,5,6,7,8,9,10,11,12,13,14,15,16,17,18,19,20,21,22,23,24,25,26,27,28,29,30,31,32,33,34,35,36,37,38,39,40,41,42,43,44,45,46,47,48,49,50,51,52,53,54,55,56,57,58,59,60,61,62,63,64,67,68,69,70,71,72,73,74,75,76,77,78,79,80,81,82,83,84,89,90,91,92,93,94,95,97,98,99,100,101,102,103,104,111,112,119,120,121,123,133,134,135,136,142,144,161,177,180,181
395,395,75
1,2,3,4,5,6,7,8,9,10,11,12,13,14,15,16,17,18,19,20,23,24,25,26,27,28,29,30,31,32,33,34,37,38,39,40,45,46,47,48,49,50,51,52,54,55,59,60,67,68,69,70,71,72,73,74,89,90,91,92,93,94,95,111,112,113,114,116,133,134,135,155,156,157,177
41,41,66
1,2,3,4,12,13,15,17,18,19,20,21,23,24,25,34,37,38,39,40,41,42,45,46,47,59,60,61,62,67,68,81,89,90,91,103,111,112,113,133,134,135,140,155,156,157,158,159,160,161,162,177,178,180,182,200,202,203,204,205,224,225,226,247,249,312
204,204,54
12,15,17,18,19,20,21,23,24,25,38,39,40,41,42,45,46,47,59,60,61,67,68,69,81,89,90,91,111,112,113,133,134,135,155,156,157,159,160,177,178,183,202,204,205,206,225,226,266,284,290,313,314,321
362,362,45
12,15,17,18,19,20,23,38,39,40,41,45,59,61,67,81,89,111,112,135,136,155,156,157,161,177,180,181,200,202,203,204,205,207,222,224,225,226,284,289,290,291,312,313,315
426,426,35
15,17,18,19,20,21,23,37,38,39,40,41,59,61,81,90,91,111,113,133,134,138,155,158,160,180,202,203,204,222,224,246,247,291,313
484,484,24
17,18,19,20,23,39,40,41,59,61,81,111,155,158,160,161,180,181,185,202,203,204,290,313
442,442,13
18,19,20,38,39,40,41,59,61,134,157,158,247
225,225,4
20,40,61,290
108,108,2
170,273
69,69,19
43,75,83,87,88,108,127,129,130,150,170,188,189,214,253,273,280,301,328
131,131,5
152,166,189,295,317
78,78,7
107,193,272,278,295,301,317
176,176,3
189,295,317
115,115,3
84,173,317
44,44,3
118,132,317
69,69,1
272
575,575,3
126,153,164
211,211,6
84,126,170,189,250,272
35,35,26
42,61,62,83,84,86,126,144,148,154,169,170,187,189,190,192,213,214,215,217,250,263,272,273,280,295
13,13,13
42,61,78,84,101,104,126,170,195,250,272,280,295
176,176,18
61,64,78,80,101,108,110,131,132,170,192,194,195,214,250,272,295,326
373,373,14
22,65,66,78,79,80,108,131,195,214,250,272,295,326
35,35,28
22,63,64,65,78,79,80,85,87,101,109,131,170,172,173,174,188,190,191,192,195,211,213,214,250,272,295,317
207,207,16
22,62,78,79,80,101,108,170,172,173,195,214,217,272,295,329
118,118,25
22,61,77,78,79,80,108,109,131,170,172,173,174,189,192,194,195,196,213,214,250,272,274,295,317
274,274,25
64,65,66,77,78,79,80,83,84,86,101,131,154,166,170,173,191,194,195,214,217,228,272,295,317
382,382,30
22,44,61,64,66,77,79,80,86,101,108,109,131,166,170,172,173,174,188,189,190,192,194,195,214,217,272,273,295,326
200,200,43
21,22,40,41,44,56,61,63,64,65,66,77,78,79,80,82,84,86,87,88,108,110,129,131,151,169,170,173,174,176,192,193,194,195,213,214,215,216,272,295,317,326,327
390,390,26
40,44,61,62,64,79,80,84,87,101,108,131,151,170,172,173,174,192,194,195,196,213,214,235,272,317
230,230,18
22,39,43,44,65,66,79,80,82,88,170,173,192,194,195,214,272,273
270,270,28
22,44,60,61,62,63,65,66,79,80,85,87,88,101,108,110,170,173,174,188,194,213,214,215,272,280,317,327
107,107,29
22,40,41,44,60,61,62,65,80,86,87,88,110,132,154,170,173,174,186,192,193,194,195,196,214,250,272,295,327
68,68,25
22,39,40,41,44,61,63,65,79,80,82,87,101,109,110,173,188,192,194,228,250,285,295,317,326
408,408,30
22,60,61,62,65,79,80,82,87,88,108,109,110,132,154,164,170,172,173,174,186,188,194,195,196,214,250,272,280,295
106,106,28
22,41,42,60,61,62,63,65,79,80,82,86,101,109,151,154,161,170,173,174,192,195,196,214,250,295,301,317
74,74,32
246,265,266,267,268,269,270,271,287,288,289,290,291,292,293,294,296,297,305,309,310,311,312,313,314,315,316,317,318,319,320,321
302,302,106
32,137,138,159,160,161,162,163,181,182,183,184,185,186,187,188,202,203,204,205,206,207,208,209,210,211,212,224,225,226,227,228,229,230,231,232,233,234,235,236,237,247,248,249,250,251,252,253,254,255,256,257,258,259,260,262,263,270,271,272,273,274,275,276,277,278,279,280,281,282,283,284,285,286,292,293,294,295,296,297,298,299,300,301,302,303,304,305,306,307,308,315,316,318,319,320,321,322,323,324,325,326,327,328,329,330
524,524,140
4,5,6,7,8,9,10,12,25,26,27,28,29,30,31,32,48,49,50,51,52,53,54,61,70,71,72,73,74,75,76,82,83,84,85,86,87,92,93,94,95,96,97,98,99,100,101,105,106,107,108,109,110,115,116,117,118,119,120,121,122,123,124,125,126,127,128,129,130,131,132,138,139,140,141,142,143,144,145,146,147,148,149,150,151,152,153,154,161,162,163,164,165,166,167,168,169,170,171,172,173,174,175,176,186,187,188,189,190,191,192,193,194,195,196,197,198,211,212,213,214,215,216,217,218,219,220,235,236,237,238,239,240,241,242,262,263,264,285,286
539,539,129
1,2,3,4,5,6,7,8,9,10,11,12,13,14,15,16,17,18,19,20,21,22,24,25,26,27,28,29,30,31,32,33,34,35,36,37,38,39,40,41,42,43,44,46,47,48,49,50,51,52,53,54,55,56,57,58,59,60,61,62,63,64,65,66,69,70,71,72,73,74,75,76,77,78,79,80,81,82,83,84,85,86,87,88,92,98,99,100,102,103,104,105,106,107,108,109,110,124,126,127,128,129,130,131,132,147,148,149,150,151,152,153,154,169,170,171,172,173,174,175,176,194,195,196,197,198,218,220,256
555,555,114
1,2,3,4,5,6,7,8,9,10,11,12,13,14,15,16,17,18,19,20,21,22,23,24,25,26,27,28,29,30,31,32,33,34,35,36,37,38,39,40,41,42,43,44,46,47,48,49,50,51,52,53,54,55,56,57,58,59,60,61,62,63,64,65,66,70,75,77,78,79,80,81,82,83,84,85,86,87,88,102,103,104,105,106,107,108,109,110,125,126,127,128,129,130,131,132,147,148,149,150,151,152,153,154,170,171,173,174,175,176,194,197,198,220
392,392,107
1,2,3,4,5,6,7,8,9,10,11,12,13,14,15,16,17,18,19,20,21,22,23,24,25,26,27,28,29,30,33,34,35,36,37,38,39,40,41,42,43,44,45,46,47,51,59,60,61,62,63,64,65,66,67,68,69,81,82,83,84,85,86,87,88,89,90,91,92,107,108,109,110,111,112,113,114,129,130,131,132,133,134,135,136,151,152,153,154,155,156,157,158,174,178,179,180,200,224,246,266,267,268,287,288,309,310
485,485,91
1,2,3,4,5,6,11,12,13,14,15,16,17,18,19,20,21,22,23,24,25,26,34,37,38,39,40,41,42,43,44,45,46,47,59,60,61,62,63,64,65,66,67,68,69,84,85,86,87,88,89,90,91,92,105,106,107,108,110,111,112,113,114,125,129,130,131,133,134,135,136,152,153,155,156,157,158,177,178,179,180,199,201,243,266,267,287,288,309,310,311
353,353,75
1,2,3,4,5,15,16,20,21,22,23,24,25,34,37,38,44,45,46,47,60,67,68,69,70,82,83,88,89,90,91,92,103,105,108,110,111,112,113,114,129,131,133,134,135,136,152,155,156,157,158,177,178,179,180,199,200,202,223,224,243,244,245,246,265,266,267,268,287,288,289,309,310,311,312
135,135,68
1,2,3,4,6,7,23,24,25,27,37,45,46,47,48,49,67,68,69,70,71,73,90,91,92,112,113,114,133,134,135,136,139,141,156,157,158,159,163,177,178,179,180,181,186,199,202,208,209,223,224,230,244,245,246,252,255,265,266,267,268,287,288,289,290,309,310,311
502,502,60
1,2,3,4,6,7,23,24,25,26,27,29,45,46,47,48,49,50,51,68,69,70,71,90,91,92,112,113,114,115,121,134,135,136,141,156,157,158,177,179,180,181,187,199,202,224,244,245,246,247,265,266,267,268,287,288,289,309,310,311
4,4,39
4,47,48,69,70,71,89,90,91,92,112,113,114,134,135,136,155,156,157,177,178,179,199,200,201,221,222,223,243,244,265,266,267,287,288,289,309,310,311
403,403,40
2,3,4,5,6,23,24,25,26,27,47,48,68,69,70,71,90,91,92,93,112,113,114,115,134,135,136,157,158,178,180,181,224,244,265,266,287,288,309,310
63,63,32
3,4,25,26,46,47,48,68,69,70,71,90,91,92,93,112,113,114,134,135,136,157,158,159,180,244,265,266,287,288,309,310
331,331,29
3,4,5,25,26,47,48,68,69,70,71,90,91,92,113,114,134,135,136,157,158,180,244,246,265,266,287,288,310
574,574,28
4,5,25,26,27,47,48,68,69,70,90,91,92,112,113,114,115,135,136,157,158,159,180,244,266,287,288,310
42,42,27
4,5,25,26,47,48,68,69,70,90,91,92,113,114,135,136,157,158,180,203,222,224,244,266,288,309,310
184,184,26
4,5,25,26,47,48,68,69,70,90,91,92,93,114,135,136,158,159,180,202,243,244,265,266,288,310
184,184,26
4,23,25,26,47,48,68,69,70,90,91,92,93,135,136,158,180,202,222,224,244,246,266,287,288,310
168,168,28
4,5,25,26,47,48,68,69,70,91,92,93,135,136,158,159,180,181,202,222,244,265,266,287,288,309,310,311
40,40,18
1,23,24,25,26,46,47,48,68,69,70,90,91,92,177,199,287,309
15,15,25
1,4,25,26,47,48,69,70,90,91,92,93,113,114,115,116,117,180,202,222,244,287,288,309,310
565,565,27
2,4,25,26,47,48,69,70,71,91,92,93,94,113,114,115,116,157,158,159,180,244,266,287,288,309,310
85,85,26
1,2,4,25,26,47,48,69,70,71,91,92,93,113,114,115,116,158,179,180,222,244,287,288,309,310
312,312,25
1,4,25,26,47,48,69,70,71,90,91,92,93,113,114,115,158,180,222,244,266,287,288,309,310
85,85,27
1,4,25,26,47,48,69,70,90,91,92,93,113,114,115,158,178,179,180,244,265,266,287,288,309,310,311
72,72,25
4,25,26,47,48,70,90,91,92,93,115,158,178,179,180,181,221,222,244,266,287,288,309,310,311
215,215,24
4,25,26,47,70,90,91,92,113,155,177,178,200,221,222,243,244,265,266,287,288,309,310,311
10,10,21
4,70,90,91,92,114,135,155,156,157,177,178,199,200,266,287,288,289,309,310,311
2,2,2
280,301
15,15,21
70,91,92,135,177,179,180,199,202,221,222,243,244,266,267,268,290,309,310,311,313
521,521,26
91,92,113,135,177,180,199,200,202,221,222,243,266,267,268,269,287,288,289,290,291,310,311,312,313,314
48,48,63
26,48,70,71,89,91,92,93,113,114,135,136,156,157,158,177,178,179,180,181,199,200,202,203,221,222,224,225,243,244,246,247,265,266,267,268,269,270,286,287,288,289,290,291,292,306,307,308,309,310,311,312,313,314,315,320,321,323,326,327,328,329,330
11,11,95
176,177,181,187,199,200,202,203,208,209,211,219,220,221,222,224,225,226,230,232,233,234,240,241,242,243,244,246,247,248,252,254,255,256,259,260,261,262,263,264,265,266,267,268,269,270,276,277,278,279,281,282,283,284,285,286,287,288,289,290,291,292,293,297,298,299,300,301,302,303,304,305,306,307,308,309,310,311,312,313,314,315,316,319,320,321,322,323,324,325,326,327,328,329,330
280,280,106
154,175,176,195,196,197,198,211,212,213,215,216,217,218,219,220,231,232,233,234,235,236,237,238,239,240,241,242,247,248,252,253,254,255,256,257,258,259,260,261,262,263,264,267,268,269,270,271,273,274,275,276,277,278,279,280,281,282,283,284,285,286,287,288,289,290,291,292,293,294,295,296,297,298,299,300,301,302,303,304,305,306,307,308,309,310,311,312,313,314,315,316,317,318,319,320,321,322,323,324,325,326,327,328,329,330
21,21,120
151,152,153,154,171,172,173,174,175,176,191,192,193,194,195,196,197,198,208,209,210,211,212,213,214,215,216,217,218,219,220,226,230,231,232,233,234,235,236,237,238,239,240,241,242,247,248,249,251,252,253,254,255,256,257,258,259,260,261,262,263,264,268,269,270,271,272,273,274,275,276,277,278,279,280,281,282,283,284,285,286,289,290,291,292,293,294,295,296,297,298,299,300,301,302,303,304,305,306,307,308,312,313,314,315,316,317,318,319,320,321,322,323,324,325,326,327,328,329,330
531,531,138
64,65,66,85,86,87,88,104,105,106,107,108,109,110,123,125,126,127,128,129,130,131,132,144,145,146,147,148,149,150,151,152,153,154,160,161,162,163,164,165,166,167,168,169,170,171,172,173,174,175,176,182,183,184,185,186,187,188,189,190,191,192,193,194,195,196,197,198,204,205,206,207,208,209,210,211,212,213,214,215,216,217,218,219,220,226,227,228,229,230,231,232,233,234,235,236,237,238,239,240,247,248,249,250,251,252,253,254,255,256,257,258,259,260,270,271,272,273,274,275,276,277,278,279,281,293,294,295,296,297,298,299,300,316,317,318,319,320
554,554,111
4,5,6,7,8,9,10,11,12,13,14,15,16,17,18,19,20,21,26,27,28,29,30,31,32,33,34,35,36,37,38,39,40,41,42,43,48,49,50,51,52,53,54,55,56,57,58,59,60,61,62,63,64,71,72,73,74,75,76,77,78,79,80,81,82,83,84,85,92,93,94,95,96,97,98,99,100,101,102,103,104,105,113,114,115,116,117,118,119,120,121,122,123,124,125,136,138,139,140,141,142,143,157,160,161,162,163,164,165,182,183
457,457,74
1,2,3,4,5,6,7,8,9,10,11,12,13,14,15,16,17,18,23,24,25,26,27,28,29,30,31,32,33,34,35,36,37,38,45,46,47,48,49,50,51,52,53,54,55,56,59,67,69,70,71,72,73,74,75,76,89,90,91,92,93,94,95,97,111,112,113,114,115,116,133,134,135,155
292,292,62
1,3,4,11,12,13,14,15,25,26,27,31,32,33,34,35,37,49,51,54,55,56,57,58,59,72,73,94,95,115,116,117,133,135,138,141,142,143,155,166,177,180,182,186,199,200,203,205,221,222,225,226,243,244,246,247,248,265,266,290,291,313
212,212,46
3,4,5,11,12,13,15,26,27,33,34,35,37,48,50,56,59,92,93,133,134,155,177,178,199,200,203,221,222,225,226,243,244,247,248,265,266,269,276,277,287,288,291,292,312,313
226,226,35
3,4,12,13,15,26,34,35,37,59,116,134,135,142,177,199,203,221,222,225,226,243,244,247,248,265,266,267,268,289,291,292,310,313,325
350,350,18
4,12,15,34,37,92,133,177,199,224,225,243,265,266,269,290,292,299
333,333,5
244,265,266,269,290
282,282,1
66
30,30,14
19,41,42,43,63,65,66,85,126,153,194,280,295,330
568,568,13
41,42,43,64,66,85,104,132,154,172,280,286,295
67,67,32
20,42,43,63,64,65,66,85,86,88,104,126,131,132,150,153,154,171,172,188,194,198,210,228,272,280,286,295,307,317,319,330
129,129,17
43,66,80,81,85,88,101,126,132,145,149,151,171,172,176,317,330
194,194,15
42,43,64,65,66,80,85,88,101,126,132,195,228,286,308
145,145,16
36,42,43,64,66,80,88,101,126,129,131,152,263,280,308,317
203,203,12
43,62,64,80,88,101,119,126,132,172,195,317
366,366,14
42,43,63,64,73,80,88,101,126,151,229,286,328,329
572,572,12
42,43,65,80,84,101,119,126,195,217,285,317
209,209,13
43,65,80,87,88,104,110,119,126,196,216,317,328
30,30,13
42,43,52,64,66,80,88,119,175,194,195,196,317
175,175,24
42,43,62,63,64,66,80,85,88,119,126,131,176,186,196,198,209,214,230,295,317,326,327,328
94,94,12
42,61,62,63,66,87,104,119,196,201,295,317
465,465,16
42,43,105,119,126,188,193,195,196,264,272,295,301,317,327,328
110,110,18
42,43,84,106,119,131,153,164,173,174,175,189,194,196,201,295,301,317
133,133,19
42,43,62,63,103,119,154,174,176,193,195,196,201,209,212,215,295,327,328
57,57,21
63,85,103,111,119,140,152,171,173,174,175,176,192,193,201,213,223,295,301,317,327
543,543,24
43,62,85,119,132,143,150,151,153,172,173,174,175,191,193,194,195,201,216,223,237,272,295,301
48,48,18
43,61,85,119,152,169,171,174,175,176,189,196,201,215,223,280,295,317
94,94,21
42,61,85,119,152,153,154,163,166,171,174,175,195,201,211,215,216,280,295,301,317
283,283,37
43,62,63,84,85,119,150,152,153,154,163,164,171,173,174,175,176,189,191,192,193,194,195,201,207,213,214,215,217,223,237,280,295,301,317,327,328
100,100,35
42,61,64,66,85,86,87,88,103,119,150,152,153,154,169,170,171,172,173,174,175,176,186,187,193,194,195,201,204,215,216,237,280,301,317
362,362,13
63,85,119,152,153,162,163,169,171,189,193,215,301
100,100,34
61,62,63,64,65,66,85,86,88,96,119,130,132,151,152,153,154,171,173,174,175,176,189,193,195,215,216,217,237,280,295,301,317,327
559,559,31
42,61,62,63,65,85,86,110,119,128,131,151,152,153,163,169,171,172,173,174,175,193,201,215,216,223,264,280,295,301,317
187,187,23
21,64,85,86,88,119,130,131,132,152,153,171,172,174,184,189,201,215,216,280,295,301,317
559,559,27
61,63,85,86,87,88,119,129,131,132,151,152,153,154,171,172,173,174,175,176,195,201,215,280,295,317,328
24,24,29
39,41,61,62,63,64,65,85,86,88,110,117,119,130,131,132,152,153,154,172,173,174,175,176,212,216,217,301,317
135,135,32
243,244,265,266,267,268,269,270,287,288,289,290,291,292,293,294,295,296,297,309,310,311,312,313,314,315,316,317,318,319,320,321
294,294,104
133,134,155,156,177,178,179,180,185,186,187,188,189,199,200,202,203,206,207,208,209,210,211,212,213,222,223,224,225,226,227,229,230,231,232,233,234,235,236,237,244,245,246,247,249,251,252,253,254,255,256,257,258,259,260,262,266,267,273,274,275,276,277,278,279,280,281,282,283,284,285,286,288,289,290,296,297,298,299,300,301,302,303,304,305,306,307,308,310,311,312,318,319,320,321,322,323,324,325,326,327,328,329,330
516,516,141
10,29,32,33,49,50,51,52,53,54,55,56,57,58,59,60,61,69,70,71,72,73,74,75,76,77,78,79,80,81,82,83,84,92,93,94,95,96,97,98,99,100,101,102,103,104,105,106,107,108,118,119,120,121,122,123,124,125,126,127,128,129,130,131,132,139,140,141,142,143,144,145,146,147,148,149,150,151,152,153,154,163,164,165,166,167,168,169,170,171,172,173,174,175,176,185,186,187,188,189,190,191,192,193,194,195,196,197,198,207,209,210,211,212,213,214,215,216,217,218,219,220,234,235,236,237,238,239,240,241,242,259,260,262,263,264,282,284,285,286,308
507,507,130
2,3,4,5,6,7,8,9,10,11,12,13,14,15,16,17,18,19,20,21,22,24,25,26,27,28,29,30,31,32,33,34,35,36,37,38,39,40,41,42,43,44,46,47,48,49,50,51,52,53,54,55,56,57,58,59,60,61,62,63,64,65,66,67,68,69,70,71,72,73,74,75,76,77,78,79,80,81,82,83,84,85,86,87,88,91,92,93,94,95,96,100,101,102,103,104,105,106,107,108,109,110,116,117,118,124,125,126,127,128,129,130,131,132,148,149,150,151,152,153,154,172,173,174,175,176,196,197,198,220
228,228,112
1,2,3,4,5,6,7,8,9,10,11,12,13,14,15,16,17,18,19,20,21,22,23,24,25,26,27,28,29,30,31,32,33,34,35,36,37,38,39,40,41,42,43,44,46,48,49,50,51,52,53,54,55,56,57,58,59,60,61,62,63,64,65,66,70,71,72,73,75,76,78,79,80,81,82,83,84,85,86,87,88,95,103,104,105,106,107,108,109,110,125,127,128,129,130,131,132,147,149,150,151,152,153,154,171,172,173,174,175,176,197,198
317,317,106
1,2,3,4,5,6,7,8,9,11,12,13,14,15,16,17,18,19,20,21,22,23,24,25,26,27,28,29,34,35,36,37,38,39,40,41,42,43,44,45,46,47,48,49,50,51,59,60,61,62,63,64,65,66,67,68,69,70,71,72,83,84,85,86,87,88,89,90,92,93,94,95,107,108,109,110,111,116,117,129,130,131,132,136,138,139,153,154,159,160,161,162,175,176,181,183,203,204,205,206,225,227,248,249,269,293
112,112,88
1,2,3,4,5,6,7,9,12,13,14,15,16,17,18,19,20,21,22,23,24,25,26,27,28,29,30,37,38,39,40,41,42,43,44,45,46,47,48,49,50,51,61,62,63,64,65,66,67,68,70,71,72,73,81,85,86,87,88,89,94,95,107,108,109,110,111,116,117,131,132,138,153,154,159,160,161,181,182,183,203,204,205,206,225,227,228,249
388,388,69
1,2,3,4,5,6,7,8,17,18,19,20,21,22,23,24,25,26,27,28,29,38,41,42,43,44,45,46,48,49,50,51,63,64,65,66,67,68,70,71,72,73,86,87,88,89,90,94,95,108,109,110,111,116,131,132,136,138,158,159,160,181,182,183,203,204,205,265,314
501,501,59
1,2,3,4,5,6,7,19,20,21,22,23,24,25,26,27,28,29,42,43,44,45,47,48,49,50,64,65,66,67,68,71,72,87,88,89,90,110,111,136,137,138,159,160,182,226,243,247,248,265,270,271,287,293,309,312,313,314,315
176,176,53
1,2,3,4,5,6,7,17,19,23,24,26,27,28,29,41,44,45,46,49,66,67,88,89,111,225,226,227,233,243,246,247,248,249,265,266,268,269,270,271,287,288,289,290,291,292,293,309,310,312,313,314,315
193,193,32
1,2,3,4,5,8,9,24,25,26,27,29,30,31,49,65,88,89,110,111,138,159,181,182,183,203,205,243,265,291,314,328
7,7,33
1,23,45,161,182,183,203,204,205,221,225,226,227,243,244,246,248,265,266,268,269,270,287,288,290,291,292,309,310,312,313,314,315
105,105,27
23,160,161,182,183,184,203,204,205,221,226,227,243,248,249,265,268,269,270,271,291,292,293,309,310,313,314
105,105,25
23,161,182,183,203,204,205,221,225,226,227,243,247,248,265,266,268,269,270,271,291,309,310,313,314
132,132,22
1,23,182,184,204,205,221,243,247,248,265,269,270,271,291,293,309,310,313,314,315,316
320,320,23
2,182,183,203,204,205,221,225,226,227,243,247,248,265,268,269,270,291,309,310,313,314,315
328,328,22
23,45,182,183,184,204,205,221,227,243,247,248,265,268,269,270,271,291,293,309,310,316
131,131,23
23,183,203,204,205,206,225,226,243,246,247,248,265,268,269,270,271,291,309,310,313,314,321
145,145,23
23,45,182,183,203,204,205,206,221,225,227,243,247,248,265,269,270,291,293,298,309,310,314
484,484,6
21,22,44,65,66,88
184,184,20
182,183,199,206,221,225,226,247,248,252,265,269,271,287,292,294,309,315,316,320
67,67,21
203,221,225,226,247,252,254,265,269,270,275,287,292,293,294,309,310,313,314,316,320
32,32,19
183,204,205,221,222,226,233,243,247,252,255,269,270,292,299,309,314,316,320
268,268,18
182,203,225,244,247,255,268,269,270,287,291,292,293,309,313,314,316,320
286,286,20
180,183,204,225,243,265,269,270,273,287,292,293,294,297,309,313,314,315,316,320
53,53,17
181,183,203,205,225,247,269,287,291,292,293,294,298,313,314,316,320
352,352,17
181,183,205,225,243,247,252,269,287,291,294,298,309,312,314,315,320
300,300,15
181,183,203,247,269,270,291,292,294,298,313,314,315,316,320
37,37,17
17,33,34,39,50,56,57,63,79,86,91,92,109,110,113,114,132
451,451,32
7,21,22,23,29,40,42,43,44,51,62,63,64,65,66,74,85,86,87,88,91,92,108,109,110,113,114,131,132,295,317,318
17,17,43
1,7,16,21,23,29,33,34,38,39,43,44,50,51,52,61,62,63,64,66,67,73,74,79,84,85,88,90,91,108,109,110,113,114,131,132,294,295,296,309,317,318,319
464,464,82
1,2,3,5,6,7,16,23,27,28,29,33,34,43,45,49,50,55,57,61,62,63,64,67,68,71,72,73,75,79,85,86,87,89,90,91,92,97,102,108,109,110,112,113,114,118,131,251,273,282,283,284,285,286,293,294,295,296,297,298,303,304,305,306,307,308,309,316,317,318,319,320,321,322,323,324,325,326,327,328,329,330
307,307,103
2,23,45,92,96,108,113,114,125,131,132,154,176,184,186,198,207,208,220,227,229,232,233,234,240,241,242,247,251,252,253,255,256,258,259,260,261,262,263,264,265,266,267,269,270,271,272,273,274,275,276,277,278,279,280,281,282,283,284,285,286,287,288,289,290,291,292,293,294,295,296,297,298,299,300,301,302,303,304,305,306,307,308,309,310,313,314,315,316,317,318,319,320,321,322,323,324,325,326,327,328,329,330
19,19,110
99,130,131,132,154,172,173,174,175,176,194,195,196,197,198,215,216,217,218,219,220,230,231,232,233,234,235,236,237,238,239,240,241,242,251,252,253,254,255,256,257,258,259,260,261,262,263,264,269,270,271,272,273,274,275,276,277,278,279,280,281,282,283,284,285,286,287,288,289,290,291,292,293,294,295,296,297,298,299,300,301,302,303,304,305,306,307,308,309,310,311,312,313,314,315,316,317,318,319,320,321,322,323,324,325,326,327,328,329,330
429,429,124
130,149,150,151,152,153,171,172,173,174,175,176,190,191,192,193,194,195,196,197,198,211,212,213,214,215,216,217,218,219,220,227,228,229,230,231,232,233,234,235,236,237,238,239,240,241,242,249,251,252,253,254,255,256,257,258,259,260,261,262,263,264,268,269,270,271,272,273,274,275,276,277,278,279,280,281,282,283,284,285,286,287,288,290,291,292,293,294,295,296,297,298,299,300,301,302,303,304,305,306,307,308,309,310,311,312,313,314,315,316,317,318,319,320,321,322,323,324,325,326,327,328,329,330
515,515,140
105,106,122,123,128,129,130,141,143,144,145,146,147,148,149,151,152,153,154,161,162,163,164,165,166,167,168,169,170,171,172,174,175,178,180,182,183,184,185,186,187,188,189,190,191,192,193,194,195,196,197,198,202,203,204,205,206,207,208,209,210,211,212,213,214,215,216,217,218,219,221,222,223,224,225,226,227,228,229,230,231,232,233,234,235,236,237,238,239,240,243,244,245,246,247,248,249,250,251,252,253,254,255,256,257,258,259,260,261,265,266,267,268,269,270,271,275,276,277,278,279,280,281,287,288,289,290,291,292,293,294,298,299,300,310,311,312,313,314,315
314,314,116
1,2,3,4,5,6,7,8,9,10,11,12,13,14,15,16,23,24,25,26,27,28,29,30,31,32,33,34,35,36,37,38,45,46,47,48,49,50,51,52,53,54,55,59,60,61,68,69,70,71,72,73,74,76,89,90,91,92,93,94,95,96,97,98,111,112,113,114,115,116,117,119,121,122,133,134,135,136,137,138,139,140,141,142,143,155,156,157,158,159,160,161,162,163,164,177,178,179,180,181,182,183,185,199,200,201,202,203,221,222,223,224,225,243,244,330
119,119,72
1,2,3,4,5,6,7,8,9,10,11,12,13,14,15,16,23,24,25,26,27,28,29,30,31,32,33,34,35,45,46,47,48,49,50,51,52,53,54,67,68,69,70,71,72,73,75,76,89,90,91,92,93,94,95,96,97,111,112,113,114,115,116,117,133,134,135,155,156,157,177,178
364,364,61
1,2,5,27,30,48,49,50,51,67,68,69,72,73,89,90,91,93,94,95,111,112,113,114,116,117,133,134,136,140,155,156,157,159,160,162,169,177,178,181,182,183,200,203,204,205,226,229,230,246,247,248,249,268,269,270,292,293,311,314,320
285,285,48
4,21,29,49,50,51,67,69,89,90,91,95,112,113,116,133,134,138,155,156,157,160,177,178,179,182,185,203,224,225,227,246,248,251,269,270,271,275,276,291,292,293,294,298,310,315,320,321
158,158,36
3,67,90,91,112,155,156,177,178,182,183,200,202,203,204,224,225,226,246,247,248,249,268,270,271,291,292,293,294,298,309,314,315,316,318,320
238,238,25
29,112,113,134,155,156,157,160,179,224,225,226,247,248,249,268,270,271,276,291,292,293,294,298,314
143,143,15
112,156,177,179,182,226,247,248,249,270,271,292,293,298,314
141,141,7
112,113,203,226,248,249,294
133,133,1
225
417,417,4
172,174,194,216
212,212,20
2,14,58,105,132,149,150,152,153,167,171,172,173,194,195,196,199,216,242,301
196,196,12
103,149,150,151,152,153,171,172,194,195,216,295
136,136,6
119,172,194,196,217,295
77,77,9
94,149,152,171,172,176,194,217,295
417,417,8
150,158,171,172,194,195,295,327
43,43,10
150,153,171,172,176,194,195,198,295,317
490,490,12
2,119,150,153,171,172,173,175,176,196,295,317
27,27,14
14,150,152,153,170,171,172,173,176,192,195,295,317,318
89,89,12
14,119,150,153,171,172,174,175,190,195,295,317
175,175,24
14,103,106,119,126,131,150,152,153,167,169,172,175,189,195,196,197,209,220,255,295,296,301,317
84,84,16
3,4,14,119,130,149,150,153,172,174,189,195,196,198,295,317
124,124,14
5,130,149,150,153,190,196,232,233,234,255,295,304,317
535,535,22
3,14,74,119,130,149,150,153,163,172,173,189,195,197,211,220,233,255,295,297,317,318
107,107,22
14,117,119,149,150,152,169,172,175,189,196,197,201,209,210,211,232,233,234,255,295,317
200,200,20
14,103,105,117,119,149,150,153,163,172,189,198,233,234,254,255,276,295,317,318
209,209,28
36,55,57,95,103,106,113,116,117,119,130,149,150,172,173,174,176,189,196,201,211,232,233,255,273,295,317,320
456,456,21
14,28,49,71,72,103,117,149,150,166,172,175,194,201,211,212,220,233,255,295,317
84,84,24
14,50,72,91,94,103,117,128,141,149,150,174,175,189,198,201,211,233,255,276,277,295,301,317
172,172,44
46,50,57,69,84,91,94,95,103,105,106,107,108,117,119,128,141,149,150,151,152,164,166,172,173,174,176,188,189,191,194,210,211,212,213,220,233,234,255,276,295,301,317,329
519,519,35
5,57,69,75,77,103,106,108,117,128,148,149,150,151,153,166,171,172,173,189,196,197,198,211,220,233,234,255,276,277,295,298,301,319,320
97,97,29
46,50,57,72,74,77,79,105,106,117,141,149,150,153,166,171,172,174,175,188,189,190,197,198,211,233,276,295,301
530,530,13
117,128,149,166,189,211,234,255,276,277,295,319,320
427,427,23
55,57,74,108,117,118,149,150,152,166,173,175,189,190,198,211,216,233,276,295,298,319,320
219,219,19
46,50,74,79,117,133,148,149,150,171,173,174,189,211,276,295,301,319,320
225,225,22
4,46,47,72,74,105,106,117,118,149,150,151,153,166,172,174,211,255,295,301,319,320
358,358,10
57,74,149,150,166,215,295,298,317,320
456,456,31
222,243,268,269,270,271,272,273,287,288,289,290,291,292,293,294,295,296,309,310,311,312,313,314,315,316,317,318,319,320,321
509,509,102
67,68,89,90,91,92,93,111,112,113,114,115,116,117,133,134,135,136,137,138,139,140,141,158,159,160,161,162,163,164,181,182,183,184,185,186,187,205,206,207,208,209,210,211,212,226,228,229,230,231,232,233,234,235,249,250,251,252,253,254,255,256,257,258,272,273,274,275,276,277,278,279,280,281,282,294,295,296,297,298,299,300,301,302,303,304,305,316,317,318,319,320,321,322,323,324,325,326,327,328,329,330
532,532,141
1,2,3,4,5,6,7,8,9,11,23,24,25,26,27,28,29,30,31,32,33,34,45,46,47,48,49,50,51,52,53,54,55,56,57,67,68,69,70,71,72,73,74,75,76,77,79,82,89,90,91,92,93,94,95,96,97,98,99,100,101,103,111,112,113,114,115,116,117,118,119,120,121,124,125,134,135,136,137,138,139,140,141,142,143,144,145,147,159,160,161,162,163,164,165,166,167,168,169,170,174,182,183,184,185,186,187,188,189,190,191,192,197,205,206,207,208,209,210,211,212,213,214,215,227,228,230,231,232,233,234,235,236,254,256,257,278,279,303,326,327
541,541,133
1,2,3,4,5,6,7,8,9,10,11,12,13,14,15,16,17,18,19,20,21,22,23,24,25,26,27,28,29,30,31,32,33,34,35,36,37,38,39,40,41,42,43,44,45,47,48,49,50,51,52,53,54,55,56,57,58,59,60,61,62,63,64,65,66,70,72,73,74,75,76,77,78,79,80,81,82,83,84,85,86,87,88,93,95,98,99,100,101,102,103,104,106,107,108,109,110,120,121,123,124,125,126,129,130,131,132,143,144,145,146,147,148,149,152,153,154,165,166,167,168,169,170,171,173,174,175,176,191,192,196,197,220
486,486,116
1,2,3,4,5,6,7,8,9,10,11,12,13,14,15,16,17,18,19,20,21,22,25,26,27,28,29,30,31,32,33,34,35,36,37,38,39,40,41,42,43,44,49,50,51,53,54,55,56,57,58,59,60,61,62,63,64,65,66,76,77,78,79,80,81,82,83,84,85,86,87,88,99,100,101,102,103,104,105,106,107,108,109,110,124,125,126,127,128,129,130,131,132,147,148,149,150,151,152,153,154,171,172,173,174,175,176,193,194,195,196,197,198,219,220,317
308,308,110
1,2,4,5,10,11,12,13,14,15,16,17,18,19,20,21,22,27,29,33,35,36,37,38,39,40,41,42,43,44,60,61,62,63,64,65,66,82,83,84,85,86,87,88,104,105,106,107,108,109,110,125,129,130,131,132,133,134,135,147,151,154,155,156,157,158,159,169,170,174,175,176,177,178,179,180,181,182,197,199,200,201,202,203,204,219,222,224,225,226,227,244,247,248,249,267,268,269,270,271,289,290,291,292,293,301,310,311,314,315
262,262,96
7,12,13,14,15,16,17,18,19,20,21,22,28,34,35,36,37,38,39,40,41,42,43,44,59,60,61,62,63,64,65,66,81,82,83,84,85,86,87,88,108,109,110,125,128,132,133,134,135,148,149,155,156,157,158,159,170,171,172,174,177,178,179,180,181,182,192,197,199,200,201,202,203,204,220,222,223,224,225,226,246,247,248,249,267,268,270,271,286,289,290,292,293,310,311,312
116,116,80
12,15,16,17,18,19,20,21,22,35,37,38,39,40,41,42,43,44,59,60,61,62,63,64,65,66,82,83,84,85,86,87,88,103,104,107,108,109,133,134,153,155,156,157,158,173,174,177,178,179,180,181,196,199,200,201,202,203,204,221,222,223,224,225,226,246,247,248,267,268,269,270,288,289,290,292,310,311,312,314
274,274,73
13,15,16,18,19,20,21,22,39,41,42,43,44,63,64,65,66,82,83,87,88,106,109,133,134,136,155,156,157,158,159,160,177,178,179,180,181,182,199,200,201,202,203,204,205,221,222,223,224,225,226,227,241,242,245,246,247,248,267,268,269,270,286,288,289,290,291,292,310,311,312,313,314
128,128,67
19,20,21,22,40,41,42,44,61,64,65,66,133,134,135,155,156,157,158,159,160,161,177,178,179,180,181,182,183,196,197,199,200,201,202,203,204,205,221,222,223,224,225,226,227,245,246,247,248,249,267,268,269,270,271,288,289,290,291,292,294,310,311,312,313,314,315
76,76,57
12,13,19,35,40,41,42,63,64,82,86,103,104,111,126,127,133,134,135,148,149,157,158,171,179,180,199,200,201,202,203,204,221,222,223,224,225,226,227,246,247,248,249,267,268,269,271,289,290,291,292,294,309,311,312,316,330
138,138,41
22,111,157,158,159,177,178,179,180,181,199,200,201,202,203,204,221,222,223,224,225,226,227,245,246,247,248,249,267,268,269,288,289,290,291,292,310,311,312,313,314
200,200,37
111,158,159,177,178,179,180,181,199,200,201,202,203,204,221,222,223,224,225,226,227,245,246,247,249,267,268,269,288,289,290,291,292,310,311,312,313
386,386,33
158,177,179,180,181,199,200,201,202,203,204,223,224,225,226,245,246,247,249,267,268,269,270,288,289,290,291,292,310,311,312,313,314
503,503,30
179,180,181,199,201,202,203,204,222,223,224,225,226,245,246,247,248,249,267,268,269,288,289,290,291,292,310,311,312,313
503,503,27
179,180,181,203,204,223,224,225,226,227,245,246,247,248,267,268,269,288,289,290,291,292,310,311,312,313,314
543,543,26
179,180,181,202,203,224,225,226,245,246,247,248,267,268,269,270,288,289,290,291,292,310,311,312,313,314
97,97,25
179,180,181,199,202,203,204,223,224,225,226,245,246,248,267,268,288,289,290,291,292,310,311,312,313
242,242,24
180,181,202,203,223,224,225,226,227,245,246,247,248,267,268,288,289,290,291,292,310,311,312,313
412,412,29
133,178,179,224,227,246,247,249,250,251,265,267,268,269,270,271,273,287,289,290,291,292,293,295,296,313,314,315,318
130,130,22
177,178,179,199,201,224,245,246,247,267,268,269,270,289,290,291,292,310,311,312,313,314
268,268,25
155,178,179,180,181,199,201,202,203,224,245,246,247,267,268,269,270,289,290,291,292,311,312,313,314
230,230,23
156,177,178,179,180,181,199,202,224,231,246,247,267,268,269,270,289,290,291,292,311,312,313
377,377,22
155,157,177,178,179,180,181,202,224,231,246,247,267,268,269,289,290,291,292,311,312,313
222,222,20
155,177,178,179,180,181,202,224,246,247,267,268,269,270,289,290,291,292,311,312
462,462,19
155,177,178,179,180,202,204,224,247,267,268,269,270,290,291,292,311,312,313
15,15,20
155,156,157,177,178,179,180,181,202,227,247,267,268,269,270,289,290,291,311,312
493,493,26
155,156,157,177,178,179,180,202,227,249,262,263,264,267,269,284,285,286,290,291,307,308,311,312,329,330
16,16,30
90,106,112,113,133,159,160,182,183,184,205,206,207,229,230,251,252,253,262,274,275,294,297,298,315,316,317,319,320,321
419,419,44
133,134,135,155,156,157,159,178,179,180,181,183,184,202,203,205,206,207,218,224,227,229,245,246,249,251,252,263,268,273,274,285,286,289,293,297,298,308,311,315,316,319,320,330
354,354,59
133,134,135,155,156,157,158,159,177,178,179,180,181,182,183,184,201,202,203,204,205,206,207,218,223,224,227,229,230,231,241,245,246,249,251,252,253,263,267,268,273,274,275,276,286,289,296,297,298,299,308,314,316,317,318,319,320,321,330
69,69,77
111,112,133,134,135,150,155,156,157,158,159,160,177,178,179,180,181,182,183,184,185,202,203,204,205,206,207,208,217,218,219,220,223,224,225,226,227,228,229,230,231,240,241,243,245,246,251,252,253,254,262,263,265,267,271,274,275,276,285,286,287,293,294,295,296,297,298,299,307,308,316,318,319,320,321,329,330
330,330,96
157,161,179,181,182,183,184,185,194,196,202,203,204,205,206,207,208,209,211,217,218,219,220,224,227,228,229,230,231,232,233,239,240,241,242,244,245,246,249,251,252,253,254,255,256,261,262,263,264,266,267,270,274,275,276,277,281,282,283,284,285,286,287,292,294,295,296,297,298,299,302,303,304,305,306,307,308,310,312,314,315,316,317,318,319,320,321,322,323,324,325,326,327,328,329,330
420,420,108
153,154,170,171,172,173,174,175,176,189,190,193,194,195,196,197,198,208,209,210,211,212,213,214,215,216,217,218,219,220,230,231,232,233,234,235,236,237,238,239,240,241,242,249,251,252,253,254,255,256,257,258,259,260,261,262,263,264,271,272,273,274,275,276,277,278,279,280,281,282,283,284,285,286,293,294,295,296,297,298,299,300,301,302,303,304,305,306,307,308,312,314,315,316,317,318,319,320,321,322,323,324,325,326,327,328,329,330
563,563,124
62,131,132,147,148,149,154,168,169,170,171,172,173,175,176,183,184,185,186,187,188,189,190,191,192,193,194,195,196,197,198,205,206,207,208,209,210,211,212,213,214,215,216,217,218,219,220,228,229,230,231,232,233,234,235,236,237,238,239,240,241,242,249,250,251,252,253,254,255,256,257,258,259,260,261,262,263,264,273,274,275,276,277,278,279,280,281,282,283,284,285,286,293,294,295,296,297,298,299,300,301,302,303,304,305,306,307,308,315,316,317,318,319,320,321,322,323,324,325,326,327,328,329,330
243,243,136
20,21,22,42,43,44,56,61,62,64,65,66,77,82,83,87,88,90,91,94,98,101,102,103,104,105,106,107,108,109,110,113,114,115,116,117,118,119,120,122,123,124,125,126,127,128,129,130,131,132,137,138,139,140,141,142,143,144,145,146,147,148,149,150,151,152,153,154,161,162,163,164,165,166,167,168,169,170,171,172,173,184,185,186,187,188,189,190,191,192,193,194,195,197,205,206,207,208,209,210,211,212,213,214,215,216,217,230,231,232,233,234,235,236,237,238,253,254,255,256,257,258,259,260,261,278,279,280,281,282,283,301,302,303,304,323
235,235,108
1,2,3,4,5,6,7,8,9,10,11,12,13,14,15,16,17,18,19,20,21,22,23,24,25,26,27,28,29,30,31,32,33,34,35,36,37,38,39,40,43,44,45,46,47,48,49,50,51,52,53,54,55,56,57,58,59,60,61,67,68,69,70,71,72,73,74,75,76,77,78,79,80,81,82,83,89,90,91,92,93,94,95,96,97,98,99,100,102,103,111,112,113,114,115,116,117,118,119,120,137,138,139,140,141,142,143,277
380,380,66
1,2,3,4,5,6,7,8,9,10,11,12,13,16,17,18,19,20,21,23,24,25,26,27,28,29,30,31,32,34,45,46,47,48,49,50,51,52,53,67,68,69,70,71,72,73,89,90,91,92,93,94,97,111,112,113,114,115,116,117,118,133,134,135,155,156
226,226,50
1,2,3,4,5,6,11,12,13,17,18,19,20,21,22,23,24,25,26,27,28,29,40,45,46,47,48,49,50,67,68,69,89,90,91,112,115,118,133,134,135,142,155,156,164,177,184,224,268,291
526,526,36
1,2,3,4,6,13,19,20,23,24,25,26,28,40,45,46,47,50,67,68,89,91,113,133,134,135,155,157,202,207,224,267,268,270,289,290
238,238,27
2,17,18,19,20,23,24,25,26,45,46,68,69,89,90,91,93,117,133,134,135,155,157,267,268,289,291
149,149,15
1,4,19,24,25,40,45,89,112,117,134,155,267,268,290
490,490,5
18,23,68,267,290
104,104,4
99,100,292,295
550,550,12
36,56,57,79,99,100,101,264,280,295,296,318
69,69,15
14,57,77,78,79,99,100,101,126,130,210,280,295,296,318
221,221,28
36,52,56,57,58,74,75,77,78,79,80,99,100,101,103,124,126,146,154,169,175,201,229,251,280,295,296,318
99,99,15
36,56,57,58,74,79,80,99,100,101,103,126,229,295,318
491,491,15
36,56,58,74,79,80,98,99,100,103,126,143,295,318,319
86,86,14
36,56,57,58,74,79,99,100,101,126,252,295,319,320
513,513,15
36,56,57,58,74,79,80,98,99,100,119,141,142,295,301
430,430,14
36,56,57,58,79,80,99,119,143,208,280,295,301,320
565,565,14
36,56,57,58,79,80,98,99,103,119,142,143,295,297
143,143,10
36,56,57,58,79,80,98,164,297,320
365,365,13
36,56,57,58,77,79,80,98,99,119,143,295,301
89,89,19
55,56,57,59,60,79,80,81,82,98,99,104,119,140,142,143,164,295,301
101,101,11
56,57,60,79,81,104,119,142,143,163,166
65,65,9
56,79,81,82,99,119,141,143,162
365,365,11
56,57,60,79,81,104,119,142,163,186,280
64,64,10
37,56,57,79,81,82,104,119,141,165
267,267,7
56,57,59,79,81,119,142
64,64,7
37,55,56,104,119,141,309
220,220,7
55,56,104,119,142,165,301
65,65,9
37,55,56,57,79,104,165,301,309
94,94,23
55,56,57,79,81,102,118,119,140,141,142,143,164,165,186,187,198,223,230,242,295,301,309
11,11,11
55,56,57,78,79,81,100,119,227,301,309
69,69,13
56,57,78,79,81,100,101,118,119,140,141,165,309
220,220,10
55,56,57,78,79,81,101,119,223,309
179,179,12
55,56,57,78,79,81,100,119,165,223,309,311
25,25,18
14,55,56,57,78,79,81,101,118,119,150,163,165,188,223,309,310,311
40,40,14
14,36,55,56,57,78,79,81,83,100,119,140,195,309
15,15,12
14,36,55,56,57,78,79,81,101,119,163,264
98,98,30
243,244,265,266,267,268,287,288,289,290,291,292,293,294,296,297,298,309,310,311,312,313,314,315,316,317,318,319,320,321
302,302,107
136,158,159,160,161,162,163,164,165,181,182,183,184,185,186,187,188,189,190,205,206,207,208,209,210,211,212,213,226,227,228,229,230,231,232,233,234,235,236,237,238,239,246,249,251,252,253,254,255,256,257,258,259,260,261,262,263,267,268,273,274,275,277,278,279,280,281,282,283,284,285,286,289,290,291,292,293,294,296,297,298,299,301,302,303,304,305,306,307,308,312,313,314,315,316,318,319,320,321,323,324,325,326,327,328,329,330
516,516,142
1,2,3,4,5,6,7,8,9,10,11,12,13,23,24,25,26,27,28,29,30,31,32,33,34,35,36,37,38,46,47,48,49,50,51,52,53,54,55,56,57,58,59,60,69,70,71,72,73,76,77,78,79,80,81,82,84,92,93,94,95,99,100,101,102,103,104,105,106,107,108,114,115,116,117,118,122,123,124,125,126,127,128,129,130,136,138,139,144,145,146,147,148,149,150,151,152,153,161,162,163,164,165,167,168,169,170,171,172,173,174,175,185,186,187,188,190,191,192,193,194,195,196,197,208,213,214,215,216,217,219,235,236,237,238,239,240,260,262,263,285,286
243,243,131
1,2,3,4,5,6,7,8,9,10,11,12,13,14,15,16,17,18,19,20,21,22,23,24,25,26,27,28,29,30,31,32,33,34,35,36,37,38,39,40,41,42,43,44,45,46,48,49,50,51,52,53,54,55,56,57,58,59,60,61,62,63,64,65,66,67,68,72,75,76,77,78,79,80,81,82,83,84,85,86,87,88,91,100,101,102,103,104,105,106,107,108,109,110,123,124,125,126,127,128,129,130,131,132,145,146,147,148,149,150,151,152,153,154,169,170,171,172,173,174,175,176,193,194,195,196,197,198,218,220,309
301,301,116
1,2,3,4,5,6,7,8,9,10,11,12,13,14,15,16,17,18,19,20,21,22,23,24,25,26,27,28,29,30,31,32,33,34,35,36,37,38,39,40,41,42,43,44,45,46,47,48,49,50,51,52,53,54,55,56,57,58,59,60,61,62,63,64,65,66,67,71,72,73,75,76,77,78,79,80,81,82,83,84,85,86,87,88,90,98,101,103,104,105,106,107,108,109,110,127,128,129,130,131,132,144,150,151,152,153,154,173,174,175,176,196,197,198,220,310
501,501,111
2,3,4,5,6,7,11,12,14,15,16,17,18,19,20,21,22,25,26,27,28,29,33,34,35,36,37,38,39,40,41,42,43,44,45,46,47,49,50,52,53,59,60,61,62,63,64,65,66,67,68,69,76,78,81,82,83,84,85,86,87,88,89,90,91,98,105,106,107,108,109,110,111,112,113,129,131,132,133,134,135,144,154,155,156,157,158,172,177,178,180,181,182,200,202,203,204,205,206,222,224,225,226,227,244,247,248,249,271,311,316
465,465,99
7,15,16,17,18,19,20,21,22,23,24,25,26,27,28,37,38,39,40,41,42,43,44,45,46,47,48,50,51,59,60,61,62,63,64,65,66,67,68,69,81,83,84,85,86,87,88,89,90,100,107,108,109,110,111,112,113,121,130,131,132,133,134,135,154,155,156,157,158,166,177,178,179,180,181,182,183,199,200,202,203,204,205,206,221,222,224,225,226,227,228,244,247,248,249,250,274,275,316
159,159,82
1,18,19,20,21,22,25,26,28,38,39,40,41,42,43,44,48,50,61,62,63,64,65,66,67,83,84,85,86,87,88,89,90,107,108,109,110,111,112,130,132,133,134,151,152,154,155,156,157,166,176,177,178,179,180,181,182,189,199,200,202,203,204,205,221,222,224,225,226,227,243,244,248,249,256,266,294,314,315,316,317,319
202,202,71
20,21,22,24,41,43,44,45,48,62,63,64,66,67,68,85,86,88,89,90,108,110,111,112,132,133,134,135,154,155,156,157,166,167,177,178,179,180,181,187,188,189,199,200,201,202,203,204,205,211,212,221,222,224,225,226,227,234,243,244,247,248,249,255,256,257,294,315,316,318,319
77,77,64
20,21,22,23,25,44,45,47,64,66,67,68,89,111,112,133,134,144,155,156,157,165,166,167,177,178,179,180,181,182,183,189,190,199,200,201,202,203,204,205,211,212,221,222,225,226,227,233,234,235,243,244,249,256,257,263,279,294,315,316,318,319,320,324
51,51,43
22,46,67,68,69,109,110,111,129,132,133,134,135,136,155,156,157,177,178,182,183,199,201,206,221,222,223,225,243,248,254,255,272,276,294,295,302,310,311,312,315,316,324
370,370,38
19,21,22,23,45,46,49,66,67,68,69,86,107,109,132,133,134,135,155,156,157,177,178,179,180,181,182,183,204,205,257,298,314,315,316,318,320,324
115,115,29
21,22,23,41,45,46,67,68,89,133,134,135,155,156,157,177,178,179,182,183,206,228,293,298,314,315,316,320,324
105,105,23
21,23,44,45,46,67,68,112,133,134,135,155,156,157,177,178,179,182,205,314,315,316,324
266,266,15
46,67,133,134,155,156,157,177,178,179,183,205,293,315,316
396,396,12
46,68,89,133,134,155,156,157,178,205,315,316
184,184,6
134,155,156,157,178,315
39,39,5
134,155,156,178,315
219,219,3
134,156,178
