Interval,Processor0,Processor1,Processor2,Processor3,Processor4,Processor5,Processor6,Processor7,Processor8,Processor9,Processor10,Processor11,Processor12,Processor13,Processor14,Processor15,Processor16,Processor17,Processor18,Processor19,Processor20,Processor21,Processor22,Processor23,Processor24,Processor25,Processor26,Processor27,Processor28,Processor29,Processor30,Processor31,Processor32,Processor33,Processor34,Processor35,Total,Max
0,78,162,72,144,90,48,122,16,162,40,196,174,78,66,48,90,40,66,4,40,16,102,122,72,40,6,122,144,98,4,122,6,102,98,196,174,3160,196
1,82,180,82,120,78,36,102,70,160,34,204,180,82,42,26,82,34,150,2,38,2,160,136,36,38,60,136,150,78,26,120,42,102,60,204,70,3204,204
2,84,184,70,106,118,8,138,112,138,64,204,184,96,36,26,70,30,144,26,30,36,154,112,48,8,84,154,144,48,48,118,48,106,64,204,96,3340,204
3,108,128,54,112,116,12,108,152,128,86,204,184,108,30,6,54,6,160,24,12,58,152,124,58,40,112,160,124,24,40,116,30,108,184,204,86,3412,204
4,98,180,60,130,110,4,124,190,120,128,194,180,124,18,12,34,30,128,34,4,30,194,150,80,60,130,150,98,12,80,114,18,110,114,190,120,3552,194
5,114,178,78,142,134,16,86,204,108,162,184,178,134,10,2,24,48,152,24,10,48,162,184,86,82,142,152,78,16,108,114,2,110,110,204,82,3668,204
6,114,174,102,150,134,22,16,192,90,198,184,174,152,2,2,20,56,152,60,22,56,192,184,102,114,150,134,60,16,110,110,20,108,108,198,90,3768,198
7,104,166,116,154,150,30,52,180,62,208,190,166,154,2,22,62,62,146,118,62,52,180,44,116,146,150,118,44,30,190,104,22,104,104,208,2,3820,208
8,188,100,158,156,146,60,96,150,40,208,188,158,156,40,32,98,64,60,150,46,94,174,8,132,174,146,98,46,64,96,94,32,100,132,208,8,3900,208
9,144,132,126,178,142,102,142,132,20,206,180,140,154,26,10,180,54,16,140,62,54,78,20,144,178,126,62,10,114,154,78,26,114,102,206,16,3768,206
10,140,182,76,156,174,156,200,120,28,174,182,132,140,44,56,132,56,10,178,66,88,42,76,170,178,106,28,10,120,170,66,44,88,106,200,42,3936,200
11,130,176,16,190,62,190,220,100,38,170,176,116,130,48,116,74,48,16,184,70,100,32,100,184,164,70,4,4,100,164,38,32,74,170,220,62,3788,220
12,172,80,50,200,48,220,200,68,68,172,174,108,124,108,50,36,14,52,182,174,52,36,128,182,140,6,44,14,124,140,6,48,44,128,220,80,3692,220
13,98,104,96,180,6,216,180,24,66,170,158,76,116,74,158,24,2,66,172,116,50,74,144,172,104,48,76,6,170,144,2,50,48,96,216,98,3600,216
14,106,164,136,136,50,204,166,6,50,164,148,62,110,110,148,10,34,94,156,94,62,106,136,156,56,56,44,10,136,166,6,44,34,114,204,114,3592,204
15,88,152,178,174,88,174,152,34,100,152,138,54,100,108,138,36,54,108,136,152,8,124,134,136,10,44,36,8,134,130,10,44,34,124,178,130,3600,178
16,108,148,194,142,126,164,128,40,100,148,126,40,100,116,126,48,60,116,126,58,58,134,126,108,26,128,48,6,164,126,6,26,60,134,194,142,3700,194
17,116,34,198,156,156,162,106,54,134,134,112,34,80,162,112,58,106,116,88,6,88,142,114,80,80,80,58,6,142,140,12,12,54,114,198,140,3584,198
18,112,20,176,132,190,154,62,16,86,120,100,68,72,100,20,62,62,112,46,16,110,132,86,46,120,154,102,62,134,176,72,68,102,110,190,134,3524,190
19,108,68,164,70,196,152,54,64,88,120,88,38,64,126,88,76,68,108,30,70,120,126,64,30,120,152,64,38,138,164,54,76,88,120,196,138,3528,196
20,104,112,144,8,190,138,8,80,112,112,80,40,54,144,54,80,138,90,6,104,130,114,24,6,90,114,80,40,132,112,24,130,114,114,190,132,3344,190
21,94,142,140,48,170,138,4,48,106,106,62,58,36,134,58,90,90,84,58,128,134,94,62,4,138,140,84,36,128,142,58,170,126,118,126,118,3472,170
22,102,172,114,98,156,132,4,58,68,92,50,74,24,144,24,102,132,68,94,144,136,58,94,4,98,98,114,50,136,156,74,172,134,134,92,98,3500,172
23,78,186,88,136,146,126,20,88,82,102,50,82,22,152,10,106,102,54,120,152,136,20,120,22,106,146,126,50,136,136,54,186,138,138,10,78,3504,186
24,2,190,70,168,136,124,46,112,10,94,48,112,2,168,30,120,94,42,146,150,126,42,146,48,136,126,124,30,144,150,70,190,144,120,10,46,3516,190
25,56,170,16,196,132,120,54,120,56,82,30,120,30,170,54,118,82,4,170,144,114,56,142,26,132,114,120,16,144,170,56,196,142,118,26,4,3500,196
26,102,152,8,200,98,80,52,98,106,48,38,150,48,152,66,112,80,38,178,134,92,134,136,36,106,112,150,52,102,178,66,200,136,92,36,8,3576,200
27,154,124,14,184,74,76,72,32,148,36,26,144,26,144,72,96,36,74,174,110,32,154,174,76,124,106,96,106,120,148,44,184,120,110,44,14,3468,184
28,198,96,2,152,68,82,64,64,190,42,64,170,2,152,104,64,8,96,168,78,8,190,140,68,170,108,104,140,48,168,82,198,108,78,48,42,3564,198
29,214,94,22,142,42,78,52,14,208,54,100,168,42,142,126,42,14,84,148,18,100,208,164,54,126,168,94,164,22,148,78,214,84,42,52,18,3540,214
30,210,36,30,120,22,70,120,30,200,54,120,168,36,168,138,6,44,138,120,34,66,200,176,54,80,120,120,176,80,44,70,210,66,22,34,6,3388,210
31,186,8,44,106,4,40,58,92,162,44,140,192,40,144,144,14,58,162,84,140,92,186,192,36,84,106,106,194,106,4,36,194,36,36,14,8,3292,194
32,164,8,48,48,2,34,62,126,118,56,156,210,34,126,142,22,62,128,22,118,156,210,164,56,68,142,64,198,128,68,48,198,8,64,2,48,3308,210
33,146,2,14,38,14,42,66,162,68,60,154,206,6,82,140,42,54,142,38,140,146,196,162,60,68,94,154,196,142,94,54,206,2,82,6,66,3344,206
34,120,2,4,26,12,38,50,192,32,72,158,194,4,158,130,72,50,96,120,148,112,192,180,38,12,130,82,180,148,112,32,194,26,96,2,82,3296,194
35,110,4,4,16,8,34,2,200,2,84,150,176,8,92,124,84,40,110,150,172,124,176,160,34,28,124,98,172,160,124,40,200,28,98,16,92,3244,200
36,78,12,26,30,34,42,30,190,90,82,158,146,34,78,90,42,36,26,160,138,158,178,146,36,52,104,116,160,178,138,82,190,52,104,12,116,3344,190
37,76,16,28,22,52,52,64,172,76,94,176,116,16,84,84,100,22,24,106,176,116,172,144,28,76,24,156,156,176,144,76,176,94,106,64,100,3364,176
38,54,30,30,44,100,46,98,134,154,100,200,72,6,46,74,98,6,44,106,162,108,158,134,54,108,26,108,154,162,158,26,200,72,106,74,108,3360,200
39,46,54,26,60,58,54,142,88,112,114,204,52,8,8,58,88,26,60,108,128,166,158,142,46,128,54,114,138,166,158,52,204,138,108,54,112,3432,204
40,8,36,16,124,48,66,178,48,86,124,206,44,8,22,36,160,22,78,126,142,108,178,140,44,142,86,16,132,160,140,66,206,78,108,132,126,3440,206
41,6,52,52,130,122,72,196,2,106,130,198,38,2,38,6,116,38,106,120,154,108,196,116,38,154,116,38,122,142,120,72,198,142,108,38,116,3508,198
42,12,74,60,70,130,74,202,30,110,160,174,30,30,52,12,104,112,130,160,164,130,174,134,30,164,134,70,112,130,86,60,202,86,104,52,110,3668,202
43,8,76,84,86,104,76,192,64,102,166,136,26,34,64,34,140,84,140,166,170,136,104,148,58,170,148,104,104,126,58,8,192,126,86,26,102,3648,192
44,26,38,116,116,92,82,156,70,108,200,108,8,38,70,98,128,76,142,158,166,142,8,156,82,158,166,128,92,98,26,12,200,76,76,12,76,3504,200
45,2,18,160,100,82,88,118,124,118,212,76,64,18,76,54,76,48,124,160,178,146,54,152,88,146,178,152,82,64,18,18,212,76,100,2,48,3432,212
46,26,12,198,126,64,118,70,70,136,222,56,42,44,64,56,112,118,136,170,198,164,112,64,48,126,170,164,64,42,44,58,222,58,48,12,26,3460,222
47,22,2,222,126,26,126,20,76,130,208,18,20,78,48,68,156,120,130,180,208,136,136,22,38,120,156,180,68,2,48,76,222,78,38,26,18,3348,222
48,32,44,214,108,24,152,44,92,146,184,24,20,88,30,30,182,72,108,154,184,152,154,72,2,96,146,182,44,2,96,92,214,88,20,32,44,3368,214
49,58,88,186,130,14,182,40,108,114,142,14,40,108,16,2,168,102,76,168,182,142,168,102,46,58,130,168,40,16,76,114,186,88,2,40,46,3360,186
50,32,120,142,100,2,208,42,120,148,100,4,38,122,4,30,142,122,62,130,178,128,178,130,80,38,110,148,32,30,110,128,208,80,2,42,62,3352,208
51,12,166,92,124,22,218,40,92,130,86,4,22,126,32,56,166,112,38,126,170,144,170,144,112,12,102,124,32,38,102,130,218,86,4,40,56,3348,218
52,10,186,58,112,60,216,74,128,146,74,2,26,128,40,68,158,134,2,28,186,130,146,158,130,10,78,112,26,78,60,134,216,68,40,28,58,3308,216
53,50,194,40,82,76,196,68,120,134,62,2,16,134,50,82,148,136,46,16,194,158,120,158,148,16,46,92,16,40,62,136,196,92,68,2,76,3272,196
54,56,196,10,78,96,156,114,134,150,28,2,28,114,36,78,100,50,24,50,152,156,96,150,152,10,24,78,36,2,56,134,196,96,100,78,96,3112,196
55,84,164,20,68,136,116,92,114,136,52,16,4,114,52,92,140,146,92,86,116,164,92,146,170,20,52,68,4,16,52,140,170,84,92,86,92,3288,170
56,102,138,2,52,166,84,102,112,130,46,12,2,112,74,98,114,166,108,114,2,140,74,130,174,30,30,52,2,12,46,140,174,84,108,138,98,3168,174
57,144,92,10,24,192,72,92,118,144,38,6,2,114,46,106,126,162,106,126,46,122,48,106,162,38,10,24,2,6,48,122,114,72,118,192,106,3056,192
58,174,56,20,28,200,56,104,110,154,34,2,6,104,56,110,120,174,134,134,72,78,6,78,154,56,4,20,4,2,28,106,34,72,120,200,106,2916,200
59,188,24,38,66,192,38,122,116,150,18,12,18,100,66,116,98,188,140,150,96,16,24,62,140,62,16,4,4,12,8,98,8,100,122,192,96,2900,192
60,202,26,36,96,164,36,128,122,158,14,16,14,96,82,122,26,164,124,158,124,50,96,14,124,50,28,14,16,26,28,82,26,96,128,202,124,3012,202
61,196,82,36,148,122,16,118,122,142,10,16,14,94,44,118,10,170,148,170,142,82,124,30,106,106,50,14,30,44,50,82,36,94,124,196,82,3168,196
62,166,102,46,192,90,2,114,120,158,2,46,42,84,18,120,18,166,158,158,158,110,110,42,102,84,76,56,46,56,92,76,46,92,114,192,90,3344,192
63,120,94,86,212,34,34,126,128,164,46,72,88,80,12,106,58,128,88,128,164,128,120,52,72,96,58,12,46,86,126,96,52,80,94,212,106,3404,212
64,76,104,100,220,8,26,102,132,160,8,58,148,56,26,102,80,160,168,132,168,160,148,76,58,80,46,58,100,104,160,58,46,56,86,220,86,3576,220
65,22,134,50,192,22,36,118,134,84,8,44,202,36,50,84,104,192,174,120,134,174,170,120,44,62,66,34,134,118,170,66,34,8,62,202,104,3508,202
66,16,138,86,158,42,24,126,144,20,16,8,222,16,72,74,118,168,172,86,126,172,158,118,8,76,74,20,138,144,168,76,24,16,42,222,72,3360,222
67,60,102,78,102,40,50,86,128,86,8,40,226,2,68,60,128,152,174,50,118,152,162,144,2,68,44,12,144,174,162,78,8,44,12,226,118,3308,226
68,62,134,86,42,82,34,74,124,138,8,78,224,10,70,62,134,168,138,34,86,124,176,136,8,70,42,14,176,168,136,82,14,74,10,224,78,3320,224
69,72,136,84,18,72,32,116,86,176,10,112,208,28,72,54,136,158,208,18,72,84,186,112,32,60,54,60,186,158,116,102,10,86,28,176,102,3420,208
70,62,130,60,70,78,6,96,88,196,16,156,198,44,70,54,130,198,184,6,60,62,156,140,34,54,16,78,184,140,88,108,34,96,44,196,108,3440,198
71,54,104,50,102,60,14,116,32,200,26,180,196,54,60,32,116,196,180,22,50,22,176,132,52,52,14,102,176,132,56,114,26,104,56,200,114,3372,200
72,36,138,72,194,64,36,128,36,176,8,202,194,70,64,36,98,70,112,18,2,2,176,152,72,36,36,138,152,106,18,128,8,112,98,202,106,3296,202
73,80,196,46,112,66,32,116,76,172,44,206,196,80,46,32,80,82,158,44,20,20,172,146,56,6,66,146,158,82,6,116,56,112,80,206,76,3388,206
74,84,110,30,118,66,12,194,118,148,62,206,194,96,42,30,66,60,148,62,12,52,166,148,60,18,84,166,148,52,18,112,42,110,96,206,112,3448,206
75,122,114,38,124,48,12,104,158,122,88,206,188,114,38,12,48,4,164,188,4,70,158,118,70,34,118,164,124,28,34,112,28,104,88,206,112,3464,206
76,56,124,30,124,80,4,104,192,112,124,196,186,124,30,4,34,22,160,118,8,112,196,132,80,56,132,160,98,8,34,118,22,104,186,192,98,3560,196
77,74,136,10,146,82,6,38,206,94,166,182,182,136,24,4,10,38,152,182,24,104,166,118,82,84,146,152,74,4,94,118,6,104,182,206,84,3616,206
78,58,188,6,152,50,12,20,192,70,204,188,174,152,22,12,20,50,152,136,70,100,192,108,96,112,152,136,58,22,174,108,6,100,112,204,96,3704,204
79,108,120,14,158,54,24,54,180,58,212,186,170,158,8,24,170,54,152,146,54,186,180,58,108,146,152,120,42,42,96,102,14,96,102,212,8,3768,212
80,88,146,22,160,56,54,102,158,14,210,184,160,160,12,54,128,56,90,158,160,102,174,14,128,174,146,96,48,48,96,90,22,88,184,210,12,3804,210
81,172,174,50,152,142,102,152,134,16,206,172,142,146,32,12,102,50,32,144,72,62,130,32,144,174,130,62,12,106,146,72,32,106,134,206,16,3768,206
82,78,166,34,182,80,154,208,120,34,170,172,142,140,44,46,106,44,14,154,140,120,58,78,166,182,106,34,14,142,170,58,34,80,172,208,46,3896,208
83,74,162,8,188,66,188,224,102,42,172,164,130,134,44,130,102,42,8,180,172,64,20,102,180,162,74,8,8,164,134,20,44,66,102,224,64,3768,224
84,158,140,62,206,60,218,206,60,50,172,158,114,128,46,62,46,16,46,178,132,114,46,132,178,140,12,36,16,82,172,12,50,36,128,218,82,3712,218
85,118,144,104,174,16,218,182,42,76,166,152,94,118,68,152,16,6,68,182,104,94,76,144,174,100,36,40,6,100,102,42,40,36,166,218,102,3676,218
86,94,146,142,142,56,206,154,18,56,160,138,72,112,138,112,14,14,94,162,154,36,110,146,162,50,50,38,18,160,116,72,38,36,110,206,116,3648,206
87,140,136,182,176,92,176,140,4,108,148,136,68,108,136,148,40,46,108,136,108,10,126,136,136,4,40,32,10,92,136,68,32,46,126,182,136,3648,182
88,114,158,200,136,136,158,124,6,124,144,124,58,100,144,124,50,48,114,142,50,48,138,128,112,26,100,58,6,128,138,54,26,54,112,200,142,3724,200
89,86,50,204,160,160,156,102,4,134,134,114,50,82,112,114,62,62,112,138,8,76,142,114,86,102,76,60,4,114,142,82,8,60,156,204,138,3608,204
90,108,18,172,172,192,138,78,12,68,116,104,84,56,84,18,68,92,108,78,12,92,132,94,46,138,92,104,56,132,138,116,46,92,94,192,138,3480,192
91,100,70,154,70,198,144,74,48,122,122,88,48,52,112,74,82,96,100,52,70,112,126,62,30,82,70,88,30,134,154,62,144,96,126,198,134,3524,198
92,110,114,134,10,192,130,46,46,110,110,84,66,36,134,66,92,92,92,2,102,124,110,10,2,92,102,84,36,124,128,130,114,112,112,192,128,3368,192
93,96,142,126,48,176,142,18,54,106,106,54,64,34,126,64,96,88,80,50,128,128,88,50,18,142,126,48,34,128,128,80,176,126,112,142,112,3436,176
94,96,180,102,92,156,130,14,74,66,100,44,74,30,156,30,102,96,66,96,142,130,56,130,14,102,92,100,44,130,142,102,180,134,134,56,96,3488,180
95,70,194,62,130,150,122,4,62,42,106,44,110,20,130,4,108,122,42,118,144,130,14,118,14,108,140,110,44,130,144,106,194,140,150,20,70,3416,194
96,6,196,62,164,148,120,22,32,2,96,42,126,2,164,22,114,126,32,142,144,124,62,142,34,148,114,96,42,142,144,120,196,142,124,6,34,3432,196
97,56,170,16,200,144,104,40,54,54,88,22,150,22,164,40,112,88,4,164,140,112,150,170,26,144,112,104,16,138,140,56,200,138,112,26,4,3480,200
98,102,150,14,200,96,70,58,70,114,48,36,156,14,130,58,106,96,48,178,130,90,178,150,32,114,106,58,58,102,130,156,200,130,90,32,36,3536,200
99,154,116,30,186,80,54,60,54,146,48,30,148,16,68,68,92,48,40,178,106,16,154,178,80,112,110,148,110,106,146,92,186,112,116,40,60,3488,186
100,200,92,4,146,74,50,44,54,190,62,54,180,8,146,104,66,8,66,166,74,50,190,146,62,100,180,74,146,74,166,104,200,100,92,44,4,3520,200
101,216,84,36,138,46,36,34,12,206,60,100,174,46,138,122,38,12,82,146,12,100,206,166,60,122,174,84,166,34,146,56,216,82,38,56,12,3456,216
102,214,12,32,122,40,32,70,40,202,70,118,174,40,130,130,6,40,174,118,34,64,202,178,40,82,118,118,178,82,40,122,214,64,12,34,6,3352,214
103,190,8,22,106,2,2,44,88,160,50,132,194,50,80,134,14,44,160,80,132,88,190,194,46,106,134,48,196,106,14,106,196,22,48,8,46,3240,196
104,168,8,24,44,24,2,46,116,112,66,138,220,44,70,138,16,46,168,16,138,116,190,130,66,70,112,72,190,130,70,138,220,8,70,2,72,3260,220
105,146,2,2,36,26,18,26,154,66,66,136,214,18,90,140,36,48,154,48,140,98,186,140,66,66,146,136,186,140,98,80,214,4,80,4,90,3300,214
106,126,8,4,14,26,18,8,192,26,74,144,200,4,144,130,74,56,130,126,146,114,192,168,26,18,92,56,168,146,114,100,200,26,92,14,100,3276,200
107,114,10,10,4,12,24,36,206,12,98,146,180,4,114,120,40,40,100,98,158,156,180,130,24,28,120,98,156,158,130,146,206,28,98,36,100,3320,206
108,80,20,12,52,12,26,52,204,56,96,158,146,22,20,98,26,26,26,106,140,158,176,146,80,56,138,98,138,176,140,124,204,96,106,22,124,3360,204
109,86,18,20,86,20,40,84,190,108,100,172,120,16,40,90,90,18,18,106,146,120,174,172,16,74,18,74,146,174,146,146,190,84,106,100,108,3416,190
110,64,26,10,42,64,36,110,146,112,112,202,82,10,10,74,138,10,42,110,160,106,158,146,36,106,26,82,138,160,158,110,202,74,110,112,112,3396,202
111,60,60,2,60,50,44,144,108,108,124,206,58,2,16,50,140,16,60,164,128,112,160,144,44,128,62,58,140,164,160,112,206,124,112,62,112,3500,206
112,20,34,2,80,54,54,180,66,164,140,206,56,20,26,34,112,56,80,140,142,98,180,112,26,142,98,2,128,164,140,140,206,128,112,66,112,3520,206
113,4,62,16,148,40,62,196,40,112,150,202,44,4,46,16,150,46,100,118,154,112,196,124,44,154,118,46,122,148,124,100,202,122,112,46,112,3592,202
114,2,60,60,78,64,64,204,2,106,158,176,38,22,54,22,106,112,130,134,164,130,176,158,38,164,134,78,112,140,94,94,204,140,106,54,106,3684,204
115,6,68,98,92,34,68,196,6,102,166,138,34,34,62,94,138,98,138,148,166,166,112,138,60,166,148,112,94,134,60,62,196,134,102,34,92,3696,196
116,32,68,128,128,78,68,164,36,112,202,112,18,32,66,66,144,78,144,164,166,136,2,156,92,156,166,136,78,92,36,2,202,82,82,18,78,3520,202
117,8,18,162,132,64,80,130,50,142,216,76,50,18,78,54,76,78,132,156,176,162,54,130,80,142,176,156,64,50,2,8,216,108,108,2,50,3404,216
118,42,8,198,134,28,120,82,46,138,226,46,28,40,64,44,170,82,138,176,198,112,112,64,72,134,170,176,72,28,40,44,226,120,42,8,28,3456,226
119,26,4,212,134,20,134,36,64,132,218,10,16,64,50,50,156,70,132,186,212,136,136,26,66,118,156,186,66,4,36,70,218,118,16,20,10,3308,218
120,52,52,214,88,24,152,4,74,148,186,12,12,74,36,36,182,108,108,158,186,152,158,74,2,78,148,182,50,2,78,88,214,74,4,24,50,3284,214
121,36,100,186,100,4,180,44,106,110,146,4,18,108,18,6,180,108,70,162,170,146,170,110,44,36,106,162,44,36,70,100,186,100,6,36,44,3252,186
122,30,134,142,118,8,208,34,98,148,102,8,16,118,12,30,178,134,54,134,142,120,178,134,74,16,98,148,46,46,74,120,208,102,12,34,54,3312,208
123,34,170,92,122,20,216,34,88,126,82,2,20,122,2,52,174,112,34,92,170,146,174,146,112,2,88,126,34,34,52,126,216,126,2,34,82,3264,216
124,2,184,50,124,58,216,74,58,132,72,2,4,124,26,66,184,152,4,72,162,132,152,162,132,18,74,116,18,26,50,132,216,116,26,26,66,3228,216
125,28,190,32,124,74,194,88,58,130,64,2,8,130,44,86,190,136,28,14,164,142,124,164,142,14,44,88,8,32,64,136,194,86,58,2,74,3156,194
126,56,194,2,98,100,148,80,52,148,32,2,2,110,22,80,100,110,2,52,152,158,98,158,152,32,20,82,22,20,56,126,194,126,90,82,90,3048,194
127,84,164,14,94,144,104,84,48,136,48,2,18,112,74,94,164,144,84,82,104,148,84,148,168,14,44,74,2,18,44,136,168,112,86,82,86,3212,168
128,104,138,6,72,172,68,102,64,112,40,6,16,110,68,98,132,172,98,112,2,138,72,132,172,28,28,64,2,16,40,136,172,110,102,136,104,3144,172
129,148,88,16,30,194,48,88,48,128,30,2,16,108,44,118,148,164,108,128,44,128,46,98,164,50,14,50,2,14,46,110,118,110,128,194,98,3068,194
130,180,54,42,22,202,44,102,54,154,36,2,8,102,90,112,136,180,130,136,72,44,12,78,154,36,8,42,2,12,22,90,78,112,130,202,72,2952,202
131,194,24,24,60,194,10,94,60,148,20,24,2,98,80,114,114,194,140,148,94,18,18,56,140,56,20,24,2,2,10,80,2,130,130,194,98,2816,194
132,204,20,38,94,172,6,122,88,156,20,22,4,88,26,120,68,172,120,156,120,52,94,24,122,52,24,22,6,4,38,68,26,120,122,204,122,2916,204
133,194,36,58,150,124,20,120,82,140,10,28,20,82,20,116,10,170,150,170,140,82,116,28,104,104,46,20,28,28,58,46,36,124,120,194,82,3056,194
134,164,84,48,200,94,40,110,74,156,2,22,48,74,22,110,22,164,158,158,156,112,112,42,98,98,54,2,40,54,84,22,42,118,118,200,94,3196,200
135,112,100,58,210,58,48,122,54,166,42,58,90,48,8,100,52,128,90,136,166,128,136,52,80,80,80,8,42,80,122,58,54,112,104,210,104,3296,210
136,66,96,52,218,16,38,124,76,156,16,26,154,38,26,94,76,160,162,124,162,160,154,100,78,102,78,8,102,100,156,8,52,66,96,218,94,3452,218
137,20,116,120,188,12,66,128,100,80,12,20,206,12,42,80,100,174,172,100,128,174,188,100,66,46,42,12,120,116,172,30,46,30,76,206,76,3376,206
138,34,144,56,156,24,34,140,58,24,32,2,222,8,58,72,110,156,170,84,122,168,168,122,32,84,72,2,144,140,170,34,34,8,56,222,110,3272,222
139,66,90,100,96,34,38,126,66,90,28,38,228,40,66,66,126,148,168,40,100,148,166,146,4,44,54,28,146,168,166,54,4,44,34,228,96,3284,228
140,80,132,64,40,56,70,120,66,136,24,76,226,26,66,56,132,136,172,26,80,120,182,136,24,68,40,70,182,172,136,68,4,64,4,226,76,3356,226
141,70,120,78,20,56,64,130,86,180,4,110,212,2,70,56,130,156,188,20,64,86,212,110,50,84,50,84,188,156,120,78,2,80,4,180,80,3380,212
142,86,124,100,68,50,54,94,54,200,14,156,198,20,68,50,124,198,156,10,54,58,188,142,54,58,14,100,188,142,88,86,10,94,20,200,88,3408,200
143,60,126,60,108,44,54,100,2,204,18,180,200,36,60,32,108,132,178,18,44,34,180,200,54,34,2,126,178,132,60,94,32,100,36,204,94,3324,204
144,92,150,54,110,68,46,102,42,182,10,198,198,54,70,32,92,70,144,32,6,10,182,198,68,24,46,144,150,110,24,104,6,102,42,198,104,3264,198
145,98,104,66,206,60,52,82,82,174,40,206,206,66,52,32,80,80,156,62,14,14,174,152,60,6,62,152,156,82,6,98,32,104,40,206,82,3344,206
146,98,204,58,142,58,48,96,130,142,60,208,204,82,48,28,58,28,130,82,12,52,172,134,58,18,86,172,134,52,12,98,18,96,60,208,86,3372,208
147,98,206,44,122,58,28,88,162,112,88,208,206,98,52,18,44,6,168,92,6,52,162,118,58,32,118,168,122,28,32,98,18,92,112,208,98,3420,208
148,96,120,66,122,42,24,106,190,102,122,200,196,120,42,10,28,24,162,196,12,102,200,130,66,54,130,162,96,12,28,106,10,92,54,190,92,3504,200
149,94,138,70,190,8,10,86,204,86,166,190,186,130,38,2,10,40,156,110,38,186,166,130,70,82,138,156,74,2,40,110,8,94,74,204,82,3568,204
150,180,136,74,146,32,2,20,194,74,200,190,180,150,32,2,86,50,150,190,50,102,194,112,86,112,146,136,58,12,86,102,12,86,58,200,20,3660,200
151,174,148,44,152,16,16,54,186,60,210,184,174,152,10,20,184,56,144,126,102,96,186,56,102,144,148,126,44,60,82,96,20,82,54,210,10,3728,210
152,166,144,46,162,28,48,104,162,24,210,184,166,152,24,62,104,62,102,152,118,184,170,10,118,170,144,102,46,48,82,82,28,72,72,210,10,3768,210
153,136,174,64,154,60,92,154,136,2,208,168,150,138,16,16,140,60,30,150,122,92,168,16,140,174,122,72,2,72,138,64,30,88,88,208,16,3660,208
154,144,146,52,180,46,146,208,120,20,172,170,144,136,34,52,136,62,26,168,172,170,62,76,168,180,102,52,20,120,102,34,26,52,76,208,46,3828,208
155,136,166,4,184,42,184,224,108,30,176,160,136,126,38,66,66,42,12,180,176,102,12,102,180,166,66,8,8,160,126,4,38,30,108,224,66,3656,224
156,82,144,54,200,22,200,220,88,40,168,152,122,120,42,54,88,22,42,178,136,122,40,136,178,144,8,10,8,120,168,34,34,10,152,220,82,3640,220
157,158,150,100,184,20,218,184,64,92,158,134,92,110,64,86,20,8,64,172,100,134,86,150,172,100,64,8,4,100,102,48,48,4,110,218,102,3628,218
158,150,170,140,140,56,208,170,46,86,150,128,86,102,128,102,12,46,90,160,144,40,118,144,160,54,54,12,2,118,116,56,40,2,90,208,116,3644,208
159,146,142,178,176,94,176,146,42,82,138,126,82,98,98,138,34,34,102,138,94,2,142,134,130,6,126,42,6,134,130,46,46,2,102,178,138,3628,178
160,106,144,196,140,140,158,132,40,34,134,120,56,98,134,98,50,44,108,142,50,44,144,124,106,56,132,40,18,124,158,120,34,18,108,196,142,3688,196
161,106,50,202,164,164,152,116,40,104,130,104,46,82,84,60,60,116,106,140,40,70,138,110,84,82,152,46,10,110,138,70,10,50,130,202,140,3608,202
162,146,16,174,174,192,146,80,6,76,116,86,76,56,80,56,60,116,96,60,6,94,128,88,38,90,94,86,16,128,146,96,38,90,88,192,146,3376,192
163,66,66,154,62,198,146,78,8,82,118,82,44,62,98,78,80,146,98,62,62,110,120,62,8,80,110,62,44,154,132,120,118,86,86,198,132,3412,198
164,140,106,140,10,194,140,48,6,94,94,68,68,36,110,68,86,96,92,48,96,122,110,10,6,92,106,68,36,122,140,108,128,108,86,194,128,3304,194
165,86,140,132,40,174,140,24,24,90,90,56,74,34,106,56,90,86,86,26,126,128,86,74,34,90,128,40,26,126,122,132,174,122,140,140,106,3348,174
166,116,176,116,88,156,128,14,14,44,86,42,72,34,132,42,96,86,64,86,138,132,44,128,72,96,156,86,34,138,130,88,176,130,92,64,92,3388,176
167,66,190,58,126,152,130,4,16,10,80,30,128,16,144,4,104,128,44,124,144,132,10,124,44,104,126,80,58,132,134,152,190,134,130,30,66,3344,190
168,4,190,68,158,148,112,24,30,24,82,30,146,6,142,4,112,112,36,150,142,124,68,150,36,148,158,82,36,124,134,112,190,134,146,6,36,3404,190
169,62,166,12,192,144,100,24,30,76,74,20,160,20,138,30,110,100,4,164,138,112,160,166,74,144,164,76,12,132,112,110,192,132,62,24,4,3440,192
170,106,150,6,198,106,72,72,28,124,46,30,168,46,106,62,106,62,30,178,132,90,178,150,52,90,132,106,52,124,106,124,198,124,168,28,6,3556,198
171,158,132,30,184,88,34,32,40,152,40,30,160,34,88,74,76,28,76,174,110,28,158,174,76,110,152,74,112,132,112,110,184,110,160,32,76,3540,184
172,204,90,14,148,78,50,68,2,198,68,46,186,50,82,112,58,2,78,160,82,46,198,148,58,112,160,46,148,78,148,186,204,78,90,46,14,3536,204
173,220,68,42,140,56,42,64,8,210,64,94,178,30,74,120,30,2,56,146,8,94,210,170,68,140,146,34,170,34,120,178,220,74,56,56,2,3424,220
174,210,4,42,128,42,14,66,60,204,66,116,178,24,128,136,4,38,136,118,44,116,204,180,60,82,178,42,180,82,38,118,210,42,14,24,44,3372,210
175,192,16,22,104,26,16,44,100,162,50,132,196,50,76,140,26,44,162,76,104,132,192,196,42,100,140,60,194,106,22,106,194,2,42,2,60,3328,196
176,172,18,50,50,32,18,68,118,118,68,114,220,32,86,140,14,50,172,14,118,72,220,128,114,70,140,50,192,128,72,118,192,8,70,8,86,3340,220
177,156,6,8,36,38,28,36,154,78,74,122,212,6,78,136,28,50,154,74,136,84,212,140,122,86,100,50,186,140,100,156,186,38,84,8,86,3388,212
178,132,12,20,12,36,20,2,192,38,82,148,198,2,132,130,36,54,114,148,160,106,198,146,82,2,130,38,160,146,114,94,192,54,94,2,106,3332,198
179,128,18,4,10,18,24,32,208,10,92,158,180,4,92,122,32,42,128,158,126,122,208,154,42,32,150,32,150,154,126,100,180,98,100,24,98,3356,208
180,96,2,4,46,2,28,46,202,78,78,156,146,14,4,106,22,22,28,110,136,156,202,146,52,52,124,96,138,174,136,138,174,106,110,14,124,3268,202
181,92,20,2,84,2,40,72,188,22,96,176,120,12,12,84,74,20,22,120,176,108,188,138,92,74,72,40,140,174,138,110,174,140,108,96,110,3336,188
182,76,22,2,128,32,32,106,148,104,104,200,84,2,4,72,84,4,40,108,148,108,200,154,40,108,22,76,128,154,156,112,156,106,108,72,112,3312,200
183,54,50,2,126,54,40,144,114,58,118,202,62,2,20,50,64,40,58,144,126,114,202,164,62,126,64,20,126,164,158,104,158,110,104,118,110,3432,202
184,20,38,20,84,48,48,180,70,70,144,206,60,12,34,38,156,34,84,138,140,94,206,112,60,140,94,12,114,156,138,110,180,144,112,114,110,3520,206
185,2,46,16,144,40,68,198,46,54,148,200,40,16,50,2,112,68,106,120,152,108,200,122,104,152,120,54,104,144,122,106,198,148,108,50,112,3580,200
186,2,78,60,98,30,78,208,16,130,162,176,30,2,60,16,130,102,130,160,134,110,208,162,60,160,134,84,102,130,98,84,176,102,102,60,110,3684,208
187,8,68,98,94,20,72,198,8,98,168,136,30,20,70,72,142,70,142,164,148,118,168,136,98,164,148,118,98,110,68,110,198,100,94,30,100,3684,198
188,2,88,130,130,2,74,168,30,84,198,106,16,30,68,86,154,80,144,162,168,144,74,140,68,154,162,140,88,86,30,30,198,106,80,16,84,3520,198
189,2,32,164,134,50,78,132,78,90,214,76,20,20,70,44,76,60,134,172,160,132,44,164,70,132,172,160,50,32,2,2,214,132,90,2,60,3264,214
190,32,54,200,128,22,116,80,34,80,224,52,10,32,62,52,168,116,140,200,176,140,98,62,58,128,168,176,54,22,32,34,224,98,58,10,32,3372,224
191,34,4,214,134,16,134,40,50,62,218,14,18,62,50,40,152,114,126,214,186,130,130,18,62,114,152,186,60,14,60,62,218,126,34,16,4,3268,218
192,36,36,212,112,4,148,4,70,74,188,12,16,70,36,36,184,80,112,188,156,148,156,74,12,76,134,184,38,38,76,80,212,134,16,26,26,3204,212
193,32,90,184,100,2,182,38,100,90,142,6,20,102,20,2,182,102,64,170,170,142,170,108,38,46,100,170,38,46,64,100,184,108,6,32,38,3188,184
194,32,124,140,124,14,206,30,70,102,102,14,22,114,2,30,178,114,52,136,140,116,178,136,70,22,84,146,32,34,52,116,206,146,2,34,84,3204,206
195,4,154,92,92,44,216,44,54,128,84,20,18,120,12,54,172,122,18,106,150,154,172,150,106,4,62,128,20,62,36,122,216,120,12,36,84,3188,216
196,20,182,48,124,66,212,24,66,118,70,2,20,124,28,68,182,150,2,70,160,126,150,160,126,12,28,118,12,54,48,126,212,126,54,24,68,3180,212
197,58,190,20,128,82,192,58,64,84,62,2,6,124,14,84,190,140,20,14,162,136,128,162,140,16,16,94,6,62,94,136,192,124,64,2,82,3148,192
198,58,194,2,90,100,140,112,84,110,32,2,2,110,2,90,134,100,10,46,150,154,98,154,150,22,10,112,22,32,58,134,194,140,84,46,98,3076,194
199,88,166,6,112,142,104,80,88,80,50,6,24,112,24,100,166,146,88,80,100,142,80,146,168,8,14,88,8,14,50,132,168,132,90,104,90,3196,168
200,110,136,8,110,170,68,68,68,100,46,10,14,108,78,100,138,170,108,104,8,124,68,124,172,10,4,78,4,14,46,138,172,104,106,136,106,3128,172
201,150,84,40,72,194,50,90,50,102,40,8,18,112,38,116,150,166,112,120,38,116,42,90,166,18,8,72,12,12,42,102,128,120,128,194,84,3084,194
202,180,46,74,24,200,38,68,84,110,38,6,18,102,38,110,130,180,128,130,68,64,6,74,146,24,38,64,12,12,18,84,46,146,128,200,102,2936,200
203,200,12,60,60,190,16,94,74,114,32,12,4,94,32,114,96,190,140,140,96,26,62,58,136,26,58,62,4,16,8,74,8,136,122,200,122,2888,200
204,206,34,56,92,172,4,92,86,122,34,20,4,86,24,114,28,172,150,150,122,56,114,24,114,62,64,62,8,8,20,64,28,122,122,206,114,2956,206
205,196,82,104,142,126,16,82,64,112,16,18,18,82,16,112,8,166,142,166,142,82,126,36,104,56,42,36,16,8,64,56,42,142,120,196,120,3056,196
206,178,108,74,184,94,30,88,48,94,8,34,48,74,14,108,28,184,158,150,158,114,150,28,88,88,50,8,14,30,88,34,50,114,118,178,118,3132,184
207,122,122,60,210,64,68,100,64,112,42,42,90,42,4,100,52,128,126,126,156,128,128,52,102,72,102,42,4,72,128,68,60,156,112,210,90,3356,210
208,80,144,56,220,30,64,92,94,92,18,30,144,18,40,92,78,158,164,120,168,158,168,80,64,40,78,2,94,92,164,2,56,94,94,220,120,3428,220
209,42,140,108,188,24,42,78,80,40,6,24,204,6,50,80,98,188,172,108,140,174,174,112,40,50,124,24,124,112,172,24,42,42,78,204,98,3412,204
210,14,144,50,156,26,66,110,58,50,28,4,222,20,66,66,110,156,172,80,126,172,172,126,14,80,66,28,136,144,172,20,26,4,58,222,136,3300,222
211,42,154,110,92,52,50,92,46,102,34,46,228,24,70,52,122,152,168,42,110,152,168,102,8,38,70,34,154,168,168,50,8,38,24,228,122,3320,228
212,42,144,74,36,36,74,74,68,156,6,74,226,28,74,42,132,160,178,28,82,122,156,132,2,82,58,74,178,160,144,68,6,58,2,226,122,3324,226
213,34,114,76,22,48,70,76,102,188,10,114,212,4,76,48,122,152,186,22,70,102,212,120,34,84,74,84,186,152,120,74,4,76,10,188,122,3388,212
214,20,196,106,82,46,74,86,62,208,20,156,196,22,62,46,126,142,156,4,58,74,188,126,44,58,22,106,188,142,92,82,4,86,44,208,92,3424,208
215,42,204,62,110,56,36,92,6,206,18,182,204,36,56,28,110,128,176,28,42,56,182,130,42,42,6,128,176,130,62,92,18,90,56,206,90,3328,206
216,50,154,88,192,60,40,108,40,176,4,200,192,52,70,50,98,70,108,30,4,30,176,138,60,20,12,138,154,108,20,108,12,88,52,200,98,3200,200
217,48,152,102,86,48,38,82,86,176,38,208,204,66,48,28,82,82,154,52,12,24,176,204,48,24,52,152,154,82,12,102,28,88,66,208,88,3300,208
218,22,136,88,200,52,60,84,126,154,60,208,200,84,48,22,60,48,126,60,4,4,168,154,52,22,76,168,136,48,48,104,22,88,76,208,104,3320,208
219,50,126,98,94,46,38,102,158,136,94,208,206,98,46,10,46,10,164,100,2,2,158,206,50,38,100,164,126,22,46,102,22,86,86,208,136,3384,208
220,40,124,88,122,26,62,128,190,128,124,200,182,122,40,12,26,16,162,112,2,16,200,126,62,60,126,162,96,2,60,112,12,88,182,190,96,3496,200
221,6,192,80,134,36,108,66,204,108,164,192,176,134,36,8,8,34,156,112,8,34,164,132,66,80,132,156,78,8,78,112,6,86,176,204,86,3560,204
222,4,144,84,140,10,34,22,194,102,200,192,174,150,34,4,102,46,150,192,22,82,194,112,82,112,140,144,56,46,104,104,10,84,174,200,56,3700,200
223,14,154,110,142,30,8,58,184,90,210,182,168,154,30,38,98,56,128,144,58,56,184,78,110,142,144,128,38,90,182,98,14,78,168,210,8,3784,210
224,38,162,158,140,72,44,104,162,72,212,176,158,152,10,44,104,60,122,152,82,60,170,14,122,170,140,104,38,68,104,82,10,68,176,212,14,3776,212
225,54,156,136,176,60,90,156,136,52,208,166,122,140,12,16,140,54,52,116,70,122,94,6,140,176,116,70,6,166,140,60,12,94,90,208,16,3628,208
226,50,178,134,172,46,142,206,120,8,184,168,134,136,30,54,136,54,18,184,96,68,46,68,172,178,96,50,8,120,142,30,18,46,168,206,46,3712,206
227,52,184,18,182,40,184,224,110,2,176,162,118,128,30,118,68,40,14,170,128,110,14,98,182,170,52,14,14,98,176,2,30,18,162,224,68,3580,224
228,90,200,50,146,28,200,220,90,6,172,150,102,118,42,150,102,16,42,176,172,50,38,134,176,146,16,6,6,118,134,38,28,6,82,220,82,3552,220
229,134,168,100,156,18,220,186,58,18,162,134,86,106,42,106,58,8,68,186,102,68,78,156,168,100,78,2,2,100,100,86,42,8,162,220,102,3588,220
230,58,140,140,154,58,208,168,44,44,152,128,52,106,50,106,10,10,92,156,152,38,114,154,156,50,92,4,4,116,168,128,38,52,114,208,116,3580,208
231,42,178,180,138,98,178,152,38,46,140,126,46,94,94,102,28,28,102,148,126,10,130,148,134,6,130,38,6,98,134,140,42,10,152,180,138,3580,180
232,92,172,196,142,142,172,134,36,38,138,118,38,92,118,138,44,44,110,140,38,38,140,130,108,28,130,36,12,108,140,134,28,12,110,196,140,3632,196
233,58,114,200,162,162,156,114,24,34,132,106,32,82,132,70,58,106,106,118,6,70,138,118,80,82,138,32,24,156,138,80,6,34,106,200,138,3512,200
234,118,10,174,126,192,144,72,10,26,118,82,72,60,36,60,62,92,88,62,26,98,126,92,36,88,144,82,72,98,174,144,72,92,92,192,144,3376,192
235,68,60,156,120,198,140,66,12,34,120,84,34,44,94,84,76,140,96,56,68,114,120,56,12,60,156,66,44,114,136,96,76,94,120,198,136,3348,198
236,124,106,134,10,190,124,48,4,32,98,64,36,32,110,98,86,86,90,36,100,132,108,10,4,90,132,64,48,134,128,100,106,110,108,190,128,3200,190
237,76,140,126,38,174,136,26,26,26,90,56,50,26,106,56,96,86,76,22,130,136,86,38,22,136,140,90,50,126,136,96,174,126,126,130,106,3280,174
238,116,172,106,88,168,116,12,24,12,94,40,56,24,128,40,100,90,60,90,146,142,42,106,56,92,168,60,42,146,142,100,172,128,88,94,92,3352,172
239,54,188,60,136,152,126,8,32,24,106,32,72,8,148,10,106,106,52,120,148,144,10,152,72,126,136,52,60,134,144,120,188,134,106,24,54,3344,188
240,16,190,52,166,148,92,24,16,56,112,16,118,16,130,2,114,118,40,148,152,130,40,148,56,112,166,92,52,136,152,114,190,136,148,2,24,3424,190
241,68,176,8,190,144,80,30,22,88,82,24,144,24,120,30,112,88,10,166,144,120,68,144,80,144,176,82,8,132,166,112,190,132,144,22,10,3480,190
242,120,152,2,194,106,48,62,28,130,62,30,156,48,110,54,110,54,2,178,136,94,152,136,48,156,178,106,48,122,120,130,194,122,94,28,30,3540,194
243,172,124,28,182,90,24,54,24,160,54,28,122,24,90,72,98,28,40,174,114,40,182,160,72,104,174,122,110,114,110,124,172,104,98,28,24,3440,182
244,206,90,40,158,84,40,68,2,200,68,54,172,54,88,110,60,2,90,168,76,6,200,168,84,110,148,44,148,60,158,172,206,88,76,44,6,3548,206
245,218,52,26,138,76,6,44,6,212,72,122,176,24,122,120,44,6,74,152,26,76,212,152,42,120,170,72,170,24,176,138,218,74,52,42,6,3460,218
246,208,6,26,122,58,6,38,72,210,74,112,180,26,122,136,4,38,136,110,58,112,210,180,44,82,182,74,182,82,72,110,208,44,4,26,26,3380,210
247,192,12,44,80,44,2,72,106,176,72,128,194,40,70,142,12,46,142,70,128,48,192,194,46,106,176,80,192,104,12,104,192,2,48,12,40,3320,194
248,174,12,38,48,38,10,72,120,142,72,134,216,48,134,132,16,52,128,16,120,64,216,174,52,70,142,60,188,128,64,132,188,10,70,12,60,3352,216
249,156,8,8,40,48,24,40,156,90,76,134,210,10,74,138,24,52,138,48,92,90,210,156,66,134,144,52,182,144,92,156,182,76,74,10,66,3400,210
250,144,22,6,18,42,22,18,186,56,84,154,198,6,56,126,84,50,126,144,108,154,198,162,50,2,150,42,162,150,108,92,186,82,92,2,82,3364,198
251,128,30,8,12,30,12,16,202,40,94,152,178,8,30,118,94,42,128,118,150,152,202,124,42,30,158,40,150,158,124,98,178,94,98,16,94,3348,202
252,86,10,10,26,8,8,44,196,14,92,164,144,14,8,106,86,26,44,106,164,136,196,144,52,52,130,92,136,172,130,118,172,106,106,8,118,3224,196
253,94,64,12,100,2,18,64,182,2,100,180,116,12,18,88,88,24,24,116,136,100,182,180,24,86,136,24,136,174,136,106,174,86,100,94,106,3284,182
254,80,110,14,120,8,28,102,146,28,110,202,80,14,4,74,80,4,40,156,110,102,202,146,40,110,8,80,120,156,154,102,154,108,102,74,108,3276,202
255,58,60,16,120,34,34,138,110,48,136,206,48,16,20,60,136,58,60,138,166,104,206,124,42,124,42,20,120,166,156,108,156,110,104,60,108,3412,206
256,38,112,10,80,20,10,176,72,48,150,208,48,38,34,44,84,34,80,140,116,112,208,138,44,140,84,20,112,162,138,150,176,162,116,72,112,3488,208
257,4,52,44,142,44,60,198,50,60,156,200,24,24,50,4,110,50,104,154,124,110,200,116,50,154,116,52,104,142,124,104,198,156,110,104,110,3604,200
258,16,130,74,92,26,70,212,26,70,168,172,18,16,64,18,126,64,126,162,168,94,212,132,74,162,132,94,94,130,92,98,172,108,108,94,98,3712,212
259,20,70,94,90,20,66,200,6,90,174,136,26,6,70,26,122,94,134,166,136,102,148,174,66,166,148,122,90,112,66,112,200,134,102,66,90,3644,200
260,4,94,122,122,12,74,166,20,70,198,110,12,20,68,74,142,84,138,160,154,138,76,166,68,154,160,142,76,94,30,4,198,110,84,30,70,3444,198
261,2,20,166,76,32,68,124,68,88,214,76,44,20,70,40,130,54,130,168,154,124,40,166,70,136,168,154,44,32,2,4,214,136,88,4,54,3180,214
262,16,26,198,124,20,110,74,32,64,218,60,44,26,64,56,172,74,134,198,162,134,100,110,60,124,162,172,44,20,28,32,218,100,56,16,28,3276,218
263,24,4,214,122,32,122,28,42,56,212,22,20,50,56,28,184,122,122,214,144,128,128,20,56,122,144,184,32,22,50,56,212,122,42,24,4,3164,214
264,30,42,210,76,8,144,36,82,88,188,22,42,66,40,22,188,78,88,184,154,130,154,78,8,82,130,184,36,18,66,76,210,144,18,30,40,3192,210
265,30,88,184,96,2,180,40,38,88,140,2,26,96,26,6,168,98,66,180,162,108,168,108,38,52,88,162,30,52,66,98,184,140,6,40,88,3144,184
266,12,132,142,106,12,202,46,38,50,94,10,36,106,12,38,174,132,46,142,134,146,174,134,72,36,62,146,10,62,72,118,202,118,12,50,94,3172,202
267,4,156,90,90,52,212,42,32,60,86,2,26,120,12,60,168,156,32,108,144,120,168,144,108,26,12,120,4,52,86,130,212,130,2,42,120,3128,212
268,28,186,56,116,68,206,56,44,76,76,6,28,116,12,76,186,128,2,68,152,144,144,152,128,12,6,106,2,34,106,136,206,136,44,34,76,3152,206
269,42,190,34,120,84,184,84,34,62,66,16,12,126,10,86,184,154,42,12,146,140,120,154,146,10,16,98,10,66,98,140,190,126,62,10,86,3160,190
270,58,186,10,98,100,140,116,94,86,40,16,12,110,10,86,138,100,40,40,150,148,116,148,150,12,22,94,22,16,58,138,186,140,98,40,110,3128,186
271,84,162,14,84,138,100,78,14,84,44,24,8,110,44,98,162,150,88,78,98,138,84,138,166,16,16,80,8,24,80,150,166,138,88,100,110,3164,166
272,98,132,4,70,172,64,104,24,98,42,24,8,112,42,104,140,172,112,106,12,120,62,120,168,4,62,70,8,12,64,140,168,106,106,132,106,3088,172
273,146,88,18,2,192,46,110,36,88,36,18,6,110,62,112,146,162,120,116,42,112,40,88,162,2,42,62,6,40,46,110,110,116,120,192,88,2992,192
274,176,46,52,28,198,32,114,32,88,34,16,2,106,46,114,132,176,128,128,70,16,16,70,140,16,70,52,2,34,70,88,28,140,132,198,106,2896,198
275,198,18,64,64,188,16,120,52,80,26,6,16,98,28,116,100,188,142,142,100,28,44,52,120,18,98,44,6,14,26,80,14,140,140,198,116,2900,198
276,206,28,64,106,170,2,122,28,86,28,2,12,86,36,118,56,170,154,154,122,56,102,32,102,32,106,36,6,6,12,64,28,140,140,206,118,2936,206
277,202,92,40,150,124,12,124,50,78,16,10,12,78,16,116,12,166,150,166,150,84,116,18,92,50,84,18,10,12,50,50,40,150,130,202,130,3000,202
278,182,88,48,184,94,22,126,76,70,2,24,40,70,12,112,22,184,164,150,164,112,112,46,76,40,94,2,12,46,88,24,48,150,126,182,112,3104,184
279,126,110,88,208,50,46,130,50,56,34,36,88,36,2,106,46,126,106,128,164,130,88,86,80,80,128,2,34,88,124,86,56,164,110,208,124,3324,208
280,90,122,54,218,14,52,142,36,70,14,26,142,26,36,96,70,160,172,122,172,160,166,92,52,88,90,12,88,92,166,12,54,96,98,218,98,3416,218
281,40,118,102,192,26,40,142,74,8,10,30,200,10,44,74,102,174,176,102,142,176,192,78,30,46,102,8,142,118,174,26,46,44,78,200,142,3408,200
282,4,142,60,158,38,64,138,52,58,28,10,220,10,60,64,120,158,176,78,138,176,172,58,4,78,148,8,148,142,172,28,38,8,52,220,120,3348,220
283,24,152,68,100,64,62,108,54,108,20,40,226,22,68,64,130,166,164,62,128,166,166,100,12,40,130,12,152,166,164,54,20,22,24,226,128,3412,226
284,44,138,56,40,66,56,136,88,158,28,78,220,20,80,44,136,164,176,28,88,132,158,132,4,40,80,56,176,164,138,66,20,56,4,220,78,3368,220
285,18,138,80,18,100,50,112,70,188,8,112,204,8,78,50,138,152,186,22,76,100,204,114,18,76,78,70,186,152,114,80,18,76,22,188,76,3380,204
286,16,140,88,86,70,16,132,30,202,2,158,190,16,70,44,132,190,158,2,62,86,188,86,30,44,86,86,188,140,90,88,16,86,62,202,90,3372,202
287,16,132,64,84,54,30,190,16,202,4,180,190,30,64,28,122,122,180,22,46,72,180,118,22,46,28,118,180,132,54,106,4,84,72,202,106,3300,202
288,60,172,48,118,50,58,138,48,172,2,202,190,50,70,36,96,96,190,14,8,58,152,106,60,36,2,138,152,106,14,118,8,90,70,202,90,3220,202
289,32,144,50,112,64,46,90,90,174,32,208,196,64,56,26,82,80,158,56,16,46,174,196,28,16,50,158,144,80,28,112,26,92,82,208,92,3308,208
290,44,132,62,98,72,34,116,130,150,60,208,182,84,56,8,62,56,130,60,8,34,164,150,44,20,72,164,132,48,48,116,20,98,84,208,182,3336,208
291,50,120,46,108,48,16,106,164,136,86,210,172,108,50,8,48,22,162,90,8,22,164,120,40,46,106,162,120,16,172,120,40,90,136,210,86,3408,210
292,52,122,30,124,64,10,120,194,130,122,202,176,120,42,10,30,16,162,98,16,10,202,120,52,64,124,162,98,10,130,120,42,94,176,194,94,3532,202
293,10,192,72,132,116,2,76,208,116,162,192,172,132,42,4,10,34,158,116,42,4,162,130,72,88,130,158,76,34,94,116,2,94,172,208,88,3616,208
294,14,144,86,138,160,12,14,194,106,200,194,160,150,44,6,44,48,150,194,48,12,194,110,86,112,138,144,56,106,112,110,6,92,92,200,56,3732,200
295,18,152,92,130,52,18,52,180,92,210,192,156,152,32,32,156,58,140,140,58,40,180,82,106,140,140,130,40,106,192,102,6,82,102,210,6,3776,210
296,38,158,60,134,74,50,100,158,80,212,184,142,156,4,80,184,60,106,156,142,50,166,14,120,166,134,106,38,88,100,88,4,74,120,212,14,3772,212
297,122,152,68,176,166,96,152,140,52,208,166,122,146,4,16,140,48,52,112,90,48,64,4,138,176,112,68,8,96,146,64,8,90,138,208,16,3612,208
298,56,182,48,178,118,152,206,128,16,178,172,118,138,20,48,128,56,38,152,172,56,46,56,162,182,92,46,16,92,162,48,20,38,138,206,48,3712,206
299,50,186,4,168,48,186,226,114,4,178,170,102,130,30,114,64,48,2,178,170,102,10,94,178,168,50,2,14,94,178,10,30,14,130,226,64,3536,226
300,50,176,50,146,34,218,202,96,8,176,156,74,124,74,156,96,20,24,202,84,48,34,130,176,146,20,8,2,124,130,24,48,2,176,218,84,3536,218
301,72,166,104,148,14,220,180,78,4,168,142,56,112,44,112,56,10,54,180,168,54,72,148,166,104,142,14,4,104,104,78,44,10,104,220,104,3560,220
302,132,154,142,150,50,210,162,60,2,158,132,44,106,54,88,10,44,88,142,106,2,110,150,154,54,158,38,10,110,162,50,38,60,116,210,116,3572,210
303,136,134,184,146,94,176,148,66,18,136,122,32,94,42,100,30,30,100,176,122,18,130,146,136,12,94,66,32,148,136,94,42,12,130,184,134,3600,184
304,116,134,198,134,134,172,116,54,26,138,116,26,96,96,138,42,54,110,136,54,54,138,134,112,26,138,42,12,110,172,116,26,12,112,198,136,3628,198
305,60,96,200,158,158,164,96,42,42,126,112,6,80,76,78,60,126,110,118,6,78,140,118,76,80,140,40,10,110,138,112,10,40,164,200,138,3508,200
306,90,8,178,112,192,162,60,32,32,118,96,38,70,38,60,58,100,90,96,8,112,128,84,34,118,178,58,34,162,146,84,70,100,128,192,146,3412,192
307,120,60,162,74,198,144,48,4,22,120,86,4,72,144,72,74,102,102,60,74,126,122,60,22,60,162,86,48,122,140,84,74,84,126,198,140,3396,198
308,130,108,140,14,192,130,38,14,16,102,76,16,48,104,76,84,106,88,38,106,140,108,16,16,88,140,102,48,108,108,84,140,104,124,192,124,3268,192
309,80,142,124,42,172,136,2,2,38,100,64,32,38,124,64,94,94,80,32,138,142,82,42,32,82,172,100,32,108,142,136,142,122,138,122,108,3300,172
310,98,170,98,90,168,130,8,8,26,94,52,42,26,90,40,98,98,68,94,154,146,40,130,42,88,168,68,52,128,146,94,170,128,154,94,88,3388,170
311,50,186,54,138,156,124,40,4,4,108,40,60,20,126,20,104,108,50,126,160,142,8,132,54,104,138,70,60,156,160,124,186,132,142,8,70,3364,186
312,8,190,48,168,144,122,48,20,20,100,50,96,8,112,6,112,100,44,152,156,132,44,132,48,144,168,96,50,138,156,122,190,138,152,6,48,3468,190
313,70,180,2,190,140,100,90,32,96,90,32,90,18,70,18,112,100,8,168,148,122,112,148,32,140,180,90,8,130,168,96,190,130,122,32,2,3456,190
314,118,158,4,194,130,46,106,34,120,48,34,106,48,120,56,110,40,46,180,138,92,158,138,56,92,180,54,54,110,118,130,194,124,124,40,4,3504,194
315,168,126,26,182,78,26,78,38,158,38,56,106,28,44,80,96,56,42,176,116,42,182,112,106,104,176,80,112,126,158,96,168,104,116,44,28,3472,182
316,206,94,6,158,56,38,50,4,198,88,90,160,56,82,98,64,4,64,164,82,38,206,158,90,160,146,94,146,88,164,98,198,84,84,50,6,3572,206
317,220,78,34,136,52,34,78,2,210,90,122,172,52,122,112,48,2,112,150,38,48,220,150,42,136,172,90,172,6,172,72,210,72,38,42,6,3512,220
318,212,2,30,120,46,30,70,70,206,90,122,176,46,120,130,2,46,130,110,26,122,212,176,42,110,182,90,182,74,46,74,206,42,16,26,16,3400,212
319,188,22,14,94,20,22,54,96,176,88,136,194,28,68,138,20,54,138,68,94,136,192,194,56,102,176,88,192,102,14,96,188,2,28,2,56,3336,194
320,180,16,6,48,24,22,56,116,138,80,148,216,48,60,126,24,56,126,16,116,66,216,138,80,126,180,72,186,126,66,148,186,22,60,6,72,3372,216
321,154,30,16,48,40,30,56,160,86,82,142,210,16,142,136,8,56,136,40,90,154,210,142,82,72,160,82,182,142,90,86,182,48,72,8,82,3472,210
322,140,34,16,26,30,34,30,182,50,96,160,198,16,50,126,26,50,106,160,126,88,198,166,50,2,154,96,166,154,106,98,182,140,88,2,98,3444,198
323,130,42,24,4,12,34,4,202,34,100,162,174,12,30,118,34,42,130,118,116,162,202,158,34,30,162,100,158,162,116,100,174,92,92,24,100,3388,202
324,90,28,18,90,4,28,34,202,18,110,166,144,24,4,100,24,24,34,146,166,122,202,144,50,50,128,110,146,170,128,100,170,100,100,24,122,3320,202
325,102,102,20,22,20,38,68,192,8,108,182,116,8,20,90,108,20,22,132,116,118,192,182,38,78,136,90,136,176,132,78,176,102,102,68,118,3416,192
326,92,120,24,92,36,36,98,164,24,120,208,76,4,2,76,122,2,38,138,108,118,208,164,38,108,4,76,122,164,138,98,164,102,102,76,118,3380,208
327,72,60,10,46,72,44,142,122,50,132,210,52,10,16,50,132,16,60,124,170,102,210,142,52,124,46,44,118,170,148,106,148,122,102,118,106,3448,210
328,62,112,4,76,62,30,172,78,54,142,208,54,30,30,38,76,30,76,138,122,102,208,130,38,138,76,4,112,176,130,142,172,176,102,78,122,3500,208
329,14,50,24,148,42,60,190,60,60,158,200,42,24,46,14,104,46,98,152,116,158,200,110,60,152,110,50,104,148,104,98,190,108,108,104,116,3568,200
330,16,82,68,80,44,66,208,44,60,166,170,28,16,60,28,104,96,128,164,166,106,208,130,66,164,130,80,96,142,82,142,170,128,104,68,106,3716,208
331,4,68,88,88,34,68,192,34,88,172,138,30,4,68,54,136,130,136,168,138,102,150,172,86,168,150,114,86,130,54,30,192,114,88,68,102,3644,192
332,10,66,120,120,24,78,162,4,74,196,110,10,24,66,102,134,80,140,164,154,110,78,162,82,154,164,134,82,102,26,4,196,140,74,26,80,3452,196
333,20,42,160,80,46,84,124,32,82,212,80,20,20,66,84,122,58,122,172,150,140,32,160,66,140,172,150,46,42,14,14,212,124,82,20,58,3248,212
334,30,26,200,124,50,108,74,38,108,220,60,8,26,64,44,140,74,140,200,166,100,100,64,60,124,158,166,50,30,36,44,220,158,38,8,36,3292,220
335,36,4,216,124,18,122,30,30,62,212,36,16,54,52,62,140,122,130,216,180,130,132,18,54,124,140,180,62,8,52,62,212,132,4,16,8,3196,216
336,28,46,208,104,4,146,36,86,70,186,20,2,72,28,46,150,84,104,186,178,130,150,70,2,86,130,178,36,28,72,84,208,146,4,28,20,3156,208
337,20,92,178,96,4,180,38,82,92,140,16,16,96,20,4,164,106,80,180,160,108,164,108,40,58,82,160,36,58,80,106,178,140,36,38,40,3196,180
338,8,126,138,106,2,200,34,56,92,92,2,22,106,8,34,138,126,56,170,132,142,170,132,80,38,62,142,22,42,80,126,200,126,38,42,62,3152,200
339,4,156,86,86,50,210,38,50,90,90,4,18,120,12,50,166,120,44,134,142,114,166,142,114,26,18,116,12,50,116,134,210,156,26,38,44,3152,210
340,56,180,50,116,62,206,62,56,70,72,18,12,116,18,70,180,146,8,50,150,142,146,150,126,12,8,108,4,72,108,142,206,126,4,32,32,3116,206
341,64,184,36,114,82,188,66,64,82,66,24,4,114,28,80,184,138,12,12,154,134,134,154,138,4,24,92,8,92,80,148,188,148,28,8,36,3112,188
342,72,180,6,78,94,146,100,48,132,34,14,4,106,28,78,94,106,14,48,148,146,100,132,148,4,34,72,28,6,72,156,180,156,82,72,82,3000,180
343,88,158,16,88,136,102,82,46,76,46,32,24,108,32,90,146,158,76,76,90,136,82,140,162,4,24,72,4,16,108,146,162,140,76,102,72,3116,162
344,104,130,4,62,168,68,92,66,104,42,36,14,108,36,96,122,168,96,108,14,108,62,122,156,14,42,66,4,14,108,134,156,130,92,134,68,3048,168
345,146,84,16,10,192,52,92,48,84,28,24,16,106,58,104,116,156,110,116,48,110,48,92,156,24,48,58,10,28,106,110,104,146,110,192,52,3000,192
346,174,48,34,34,198,46,98,48,74,26,18,8,98,46,104,116,174,128,128,74,26,2,74,144,44,96,44,2,18,104,96,8,144,116,198,74,2864,198
347,198,18,20,66,184,14,120,84,96,8,4,8,92,52,108,66,184,134,144,96,30,40,52,134,18,108,40,4,14,30,84,20,144,120,198,92,2824,198
348,204,32,72,92,166,2,110,92,114,6,2,6,86,36,110,24,166,154,154,130,58,86,32,114,30,124,36,12,24,12,72,30,130,124,204,58,2904,204
349,198,78,70,144,118,30,112,106,84,6,14,16,78,16,112,6,162,152,162,152,84,122,6,106,46,118,6,14,30,46,70,44,144,122,198,44,3016,198
350,178,88,50,180,88,40,110,72,92,6,20,44,72,24,110,20,180,168,152,168,112,112,60,100,44,118,6,24,60,92,40,50,152,118,178,100,3228,180
351,124,120,94,210,46,46,116,116,88,44,36,88,36,4,116,58,104,120,120,168,130,130,58,88,88,124,4,44,94,120,116,56,168,104,210,56,3444,210
352,90,90,98,220,12,72,110,100,86,22,22,148,22,22,100,84,172,160,110,172,160,148,84,72,60,148,12,98,100,148,60,58,100,86,220,58,3524,220
353,48,140,90,188,8,48,110,92,10,44,40,200,10,40,92,110,168,178,90,140,178,188,130,40,48,120,8,130,120,168,44,48,40,68,200,68,3444,200
354,4,144,86,154,40,66,126,52,52,52,6,222,24,60,86,126,154,178,52,138,178,168,140,24,44,138,6,140,144,168,66,44,4,40,222,60,3408,222
355,14,148,78,92,68,40,92,120,104,28,40,228,34,66,68,138,158,162,34,120,162,174,138,2,38,104,2,148,174,158,78,28,38,14,228,66,3384,228
356,20,134,58,40,40,96,78,72,152,36,78,224,24,72,64,138,166,152,10,96,128,176,128,20,64,138,36,176,166,134,84,24,58,10,224,84,3400,224
357,4,140,72,10,86,62,76,90,184,4,108,208,28,72,56,140,154,208,10,86,104,188,108,28,56,108,62,188,154,108,90,20,76,20,184,104,3396,208
358,2,140,70,98,62,52,84,78,200,2,156,196,10,70,62,132,196,190,10,78,88,156,132,52,18,78,80,190,140,78,98,18,84,88,200,80,3468,200
359,6,200,62,110,74,62,90,4,202,4,180,200,28,62,36,122,130,180,28,62,74,182,122,34,34,36,100,182,130,52,110,6,90,100,202,52,3348,202
360,48,154,98,186,62,46,96,38,176,6,202,186,46,62,34,98,74,130,54,48,54,176,128,74,34,4,128,154,104,6,130,4,96,104,202,38,3280,202
361,30,144,82,196,30,52,82,76,172,30,210,196,64,52,16,82,76,158,64,30,48,172,124,28,16,52,144,158,82,48,124,28,102,102,210,52,3332,210
362,20,134,66,142,56,52,184,126,142,52,212,184,82,50,4,66,48,126,82,26,4,162,124,56,20,76,162,134,48,76,124,26,106,106,212,50,3340,212
363,16,122,118,128,42,46,80,158,118,80,216,186,100,46,2,46,16,158,186,16,2,164,108,42,42,108,164,122,16,100,128,42,108,108,216,46,3396,216
364,16,116,112,126,60,64,178,190,112,116,204,178,118,32,4,34,16,164,100,10,4,204,118,64,60,126,164,100,10,102,126,32,102,126,190,34,3512,204
365,2,196,86,134,72,94,38,202,94,158,196,184,134,38,2,14,36,158,124,6,14,158,184,72,86,132,158,72,72,102,124,6,102,132,202,36,3620,202
366,4,144,162,138,84,80,18,202,80,186,198,162,148,26,26,18,50,148,198,6,50,186,92,84,124,138,144,56,56,120,120,6,92,124,202,4,3676,202
367,8,150,78,146,44,8,56,178,70,210,202,158,150,4,12,56,60,132,144,70,60,178,98,98,146,144,132,44,158,114,114,4,78,202,210,12,3728,210
368,48,138,70,156,46,42,110,160,48,214,200,146,156,10,62,92,62,102,168,42,146,160,16,112,168,138,102,46,112,200,92,10,70,110,214,16,3784,214
369,56,156,130,180,72,92,156,138,28,210,168,130,150,14,28,168,54,28,138,84,54,112,4,150,180,112,56,4,92,150,72,14,84,150,210,28,3652,210
370,40,150,52,182,54,150,210,116,2,182,174,124,146,34,68,116,52,24,184,86,124,54,68,168,184,86,34,2,174,168,54,24,40,146,210,54,3736,210
371,40,180,2,170,46,184,224,100,16,188,164,112,142,40,68,112,40,6,184,164,100,24,96,180,170,46,2,6,96,188,24,40,16,142,224,68,3604,224
372,44,180,50,148,32,220,200,74,26,192,156,96,124,96,156,74,20,32,200,86,50,26,136,180,148,12,20,4,124,136,12,44,4,192,220,86,3600,220
373,58,172,108,152,14,222,182,56,74,164,142,74,114,68,114,2,4,58,182,164,42,68,152,172,102,142,56,2,102,108,4,42,14,116,222,116,3584,222
374,52,154,144,160,52,210,172,44,46,162,132,58,112,80,112,16,58,80,144,132,2,106,154,160,46,162,42,2,106,172,44,42,16,128,210,128,3640,210
375,116,150,184,138,96,176,150,28,38,148,116,60,94,92,148,38,40,92,176,94,28,136,150,144,6,96,60,28,150,144,28,40,6,136,184,138,3648,184
376,94,134,198,140,140,174,124,24,50,146,114,46,94,146,124,50,114,106,142,32,52,142,134,120,30,120,52,24,106,146,46,30,32,174,198,146,3744,198
377,102,64,202,148,164,162,98,4,86,130,102,42,86,92,130,64,84,108,162,4,84,146,122,92,98,122,58,12,108,164,42,12,58,146,202,148,3648,202
378,88,2,178,120,198,134,64,2,46,114,94,56,86,86,64,64,86,86,64,32,120,134,98,46,134,134,114,56,98,178,94,32,88,158,198,158,3504,198
379,72,54,166,80,202,144,70,26,82,116,82,26,74,104,74,80,144,88,54,72,134,120,60,32,88,134,60,32,120,166,70,116,104,150,202,150,3548,202
380,76,100,148,14,194,120,28,28,96,96,74,46,62,122,62,86,108,76,46,108,146,108,20,14,86,148,120,20,108,146,74,100,122,138,194,138,3372,194
381,70,142,130,40,174,120,12,20,40,92,60,58,44,116,60,96,96,70,20,144,142,84,58,12,84,142,120,44,130,174,92,144,134,142,134,116,3356,174
382,76,172,96,92,168,124,8,32,80,80,48,60,32,140,48,100,100,60,76,162,146,50,124,8,96,146,96,60,92,172,50,162,140,168,60,96,3420,172
383,40,188,78,136,152,122,24,66,14,68,44,66,24,140,4,108,122,40,116,168,146,14,108,44,116,146,78,68,152,188,78,136,140,168,4,78,3384,188
384,22,188,68,168,138,112,48,48,2,80,48,106,6,128,2,114,112,32,158,164,128,68,114,22,138,158,106,32,134,168,80,188,134,164,6,48,3432,188
385,72,182,20,190,134,100,66,38,72,66,28,118,28,118,38,116,100,8,170,156,118,72,116,28,134,156,118,20,126,182,72,190,126,170,28,8,3484,190
386,124,166,6,194,104,68,40,68,116,42,42,130,42,110,54,110,46,42,176,142,98,142,120,54,116,124,130,46,98,176,104,194,120,166,40,6,3556,194
387,170,134,22,180,60,32,38,54,160,22,54,128,32,128,74,88,60,44,172,120,44,172,120,82,104,160,88,110,134,180,74,170,104,110,38,82,3544,180
388,204,96,4,164,72,76,46,42,192,42,60,174,60,94,94,64,18,96,158,88,4,192,158,72,88,164,94,146,76,146,64,204,94,174,46,18,3584,204
389,216,70,16,140,54,66,70,18,208,10,108,178,54,140,116,58,10,76,148,36,66,208,178,36,116,166,108,166,16,148,42,216,76,58,42,18,3452,216
390,204,6,30,114,30,52,64,56,202,36,120,178,52,108,132,6,36,132,108,28,50,204,178,36,78,180,120,180,78,114,56,202,50,36,28,64,3348,204
391,180,12,32,90,12,56,90,92,164,32,130,206,24,92,140,12,50,164,66,130,66,188,140,56,102,180,76,188,102,2,50,206,12,24,2,76,3244,206
392,176,28,12,54,14,28,50,110,134,56,150,214,54,128,128,14,52,134,12,110,60,214,126,56,150,176,82,184,126,60,52,184,2,50,2,82,3264,214
393,144,10,10,36,34,42,54,158,80,68,144,208,36,80,134,2,54,146,68,86,144,208,134,42,66,158,144,180,146,86,82,180,34,66,2,82,3348,208
394,118,18,18,12,28,40,36,186,36,76,166,194,28,98,130,2,54,146,84,100,166,194,130,40,2,168,118,168,146,100,76,186,54,84,12,98,3312,194
395,106,18,14,14,18,36,6,200,18,88,162,176,18,106,122,6,40,102,122,114,162,200,150,36,26,162,88,150,162,114,40,176,82,82,26,102,3244,200
396,82,20,32,32,2,42,28,194,42,90,166,148,20,82,104,2,32,32,120,130,138,194,166,90,48,148,82,138,172,120,48,172,104,82,28,130,3260,194
397,70,48,28,70,4,48,56,178,70,104,178,116,4,56,92,28,20,22,178,128,120,178,116,20,70,136,92,136,174,128,22,174,90,90,104,120,3268,178
398,54,108,26,92,26,50,92,140,76,108,200,76,2,10,76,50,2,38,138,140,122,200,104,54,104,10,76,124,172,138,38,172,92,92,124,122,3248,200
399,38,58,30,92,38,50,138,100,124,124,204,58,6,6,52,46,30,58,124,138,122,204,166,52,124,46,50,118,166,148,58,148,100,92,118,122,3348,204
400,6,108,24,82,24,58,174,64,134,134,204,54,24,24,38,78,58,78,142,132,172,204,124,38,142,82,6,108,172,132,54,174,94,94,64,124,3424,204
401,6,104,50,106,50,72,194,36,146,160,194,26,26,38,6,90,72,104,152,110,118,194,160,36,152,110,52,104,146,106,38,194,104,90,52,118,3516,194
402,2,100,70,110,34,60,206,2,142,160,166,34,16,52,16,88,82,130,164,128,160,206,130,70,164,128,88,100,142,82,60,166,88,88,52,110,3596,206
403,4,60,110,138,28,72,192,20,110,168,134,28,20,60,72,104,126,138,168,168,134,146,114,86,168,146,114,86,126,58,4,192,84,84,58,104,3624,192
404,28,58,134,144,20,84,160,74,88,192,110,20,28,58,92,110,70,144,164,160,156,20,132,84,156,164,132,74,92,28,20,192,134,70,28,88,3508,192
405,6,26,164,120,48,88,120,46,84,208,84,22,22,60,88,66,64,130,172,150,164,46,142,60,142,172,150,36,48,6,26,208,130,66,36,64,3264,208
406,36,20,198,102,22,126,76,50,76,214,52,4,36,50,52,138,126,138,198,164,160,102,52,44,136,160,164,58,22,58,52,214,136,20,4,44,3304,214
407,24,4,214,130,16,132,24,62,130,208,22,4,62,40,62,140,82,130,208,136,178,136,36,40,130,140,178,62,14,36,82,214,132,22,14,16,3260,214
408,30,42,206,104,6,154,20,74,110,184,20,6,74,20,44,180,122,110,184,154,152,152,84,2,96,122,180,44,20,96,104,206,84,42,30,2,3260,206
409,12,100,178,118,4,180,38,94,100,142,4,2,102,12,2,166,112,82,180,142,162,166,112,44,64,94,162,42,64,82,118,178,102,44,38,42,3284,180
410,20,122,138,148,20,198,36,66,86,96,2,2,120,26,36,170,120,66,138,132,134,170,134,86,50,68,148,26,68,96,132,198,122,44,44,50,3312,198
411,8,154,94,110,50,204,40,56,132,92,2,2,120,36,56,164,154,48,120,144,146,164,146,110,42,36,132,8,48,92,144,204,94,42,40,50,3284,204
412,46,176,62,126,70,200,70,68,122,74,2,6,122,30,68,176,152,30,32,148,152,148,152,126,22,6,124,2,74,62,152,200,124,22,32,46,3224,200
413,58,182,44,128,90,182,72,100,124,72,2,16,128,58,88,156,182,16,24,140,156,124,156,140,2,16,100,6,44,90,156,182,88,16,6,24,3168,182
414,60,180,6,100,100,138,84,98,144,36,2,18,112,78,84,44,112,6,44,142,162,98,144,142,2,36,78,26,26,18,162,180,138,66,60,66,2992,180
415,88,162,24,114,134,106,70,86,134,58,26,34,114,86,96,134,162,58,80,88,154,86,134,156,2,24,86,2,34,80,154,156,106,70,96,26,3220,162
416,106,134,4,70,170,74,106,84,116,48,12,34,112,82,98,104,160,98,104,16,144,70,116,160,12,48,82,4,16,74,144,134,112,84,170,34,3136,170
417,138,86,4,34,194,56,98,86,138,44,14,30,104,56,110,104,160,110,124,50,124,34,94,160,14,68,68,4,30,94,120,50,120,98,194,44,3056,194
418,178,52,16,16,204,42,112,98,142,42,6,24,98,80,116,52,178,132,132,74,42,6,80,142,46,74,46,2,24,102,102,2,116,112,204,42,2936,204
419,200,12,42,58,190,10,122,98,134,34,10,8,90,92,120,34,190,144,144,98,26,22,54,134,54,90,42,8,12,26,92,22,120,122,200,58,2912,200
420,208,32,36,84,172,4,126,120,128,32,10,10,88,82,124,20,172,154,154,128,56,84,36,120,32,88,20,4,6,6,82,32,124,126,208,56,2964,208
421,202,76,56,126,128,16,126,120,128,10,18,24,76,24,128,16,168,152,168,152,84,116,10,116,74,84,2,2,18,56,74,48,128,120,202,48,3096,202
422,186,62,86,182,92,32,116,92,146,4,28,46,66,42,122,32,182,170,146,170,110,122,56,86,46,96,4,28,42,96,56,62,110,116,186,66,3284,186
423,128,116,64,214,46,76,128,92,168,30,36,92,36,6,116,64,122,62,122,168,130,130,92,92,46,98,6,30,76,124,114,62,124,98,214,114,3436,214
424,92,92,100,224,10,74,110,104,144,28,24,144,40,24,110,90,164,170,114,170,164,156,58,28,40,114,10,100,104,156,74,58,90,74,224,74,3552,224
425,44,146,54,190,12,52,116,144,44,4,28,206,12,36,94,116,178,190,94,146,178,168,94,28,68,116,4,144,116,168,68,54,36,52,206,94,3500,206
426,8,146,76,150,62,48,138,126,36,10,4,226,18,58,98,126,174,174,62,138,174,150,98,4,36,150,8,150,146,174,76,48,10,18,226,58,3404,226
427,4,156,60,90,40,44,94,90,94,8,40,234,26,60,72,132,174,160,28,128,160,158,128,28,72,132,8,156,174,158,84,26,44,4,234,84,3384,234
428,22,140,104,32,68,64,134,128,144,2,78,230,30,64,68,134,176,144,22,104,128,170,70,2,32,78,30,176,170,140,88,24,70,24,230,88,3408,230
429,10,142,96,26,64,62,110,114,184,10,110,212,6,66,64,142,160,212,26,96,106,184,82,6,22,94,62,184,160,114,94,22,82,66,184,106,3480,212
430,14,146,62,80,26,86,130,84,204,14,158,208,18,64,62,130,208,158,2,86,86,184,102,2,18,86,80,184,146,84,102,26,92,92,204,64,3492,208
431,12,210,52,110,38,72,120,20,206,20,180,210,38,52,34,120,136,180,12,72,46,178,102,12,46,34,102,178,136,54,110,12,104,104,206,54,3372,210
432,46,154,64,204,36,56,128,36,170,4,204,204,56,54,46,96,96,98,32,64,34,170,108,32,34,4,134,154,108,2,128,2,98,134,204,54,3248,204
433,36,214,34,128,52,66,78,78,164,34,210,214,66,38,32,80,82,164,38,36,2,156,102,2,4,52,156,148,82,32,128,4,102,148,210,80,3252,214
434,22,144,36,130,62,76,98,122,144,56,214,198,82,36,16,62,42,168,48,42,16,122,198,6,22,76,168,136,48,56,130,6,98,136,214,82,3312,214
435,30,134,22,118,42,48,104,156,108,80,216,200,104,24,2,48,14,156,108,14,24,168,200,30,42,118,168,124,22,92,134,2,92,124,216,80,3364,216
436,18,136,44,132,32,58,98,196,104,124,200,186,118,18,4,32,26,200,92,4,26,166,118,44,58,136,166,98,8,186,132,8,92,124,196,104,3484,200
437,10,144,12,140,62,42,86,208,86,156,202,180,140,10,2,12,42,156,180,2,84,202,124,62,84,144,162,72,20,98,124,20,98,162,208,72,3608,208
438,2,152,18,200,52,74,18,188,68,200,200,172,152,6,2,68,52,146,92,6,172,152,118,74,118,146,152,56,56,122,122,18,92,188,200,18,3672,200
439,6,160,46,152,56,6,56,174,46,212,186,166,160,6,18,56,56,132,120,40,166,144,80,94,152,144,132,40,94,186,120,18,80,174,212,6,3696,212
440,20,162,42,156,68,38,104,156,26,218,186,156,162,20,38,104,56,110,104,56,102,136,26,110,174,136,102,42,156,186,104,20,68,174,218,20,3756,218
441,126,158,88,160,80,88,158,130,8,218,166,126,160,28,16,88,48,24,166,62,48,112,24,136,186,112,62,8,130,136,80,16,88,186,218,28,3668,218
442,44,192,38,150,112,150,214,112,26,192,170,126,142,48,66,170,48,10,160,66,126,52,66,160,194,90,44,10,90,142,66,26,38,194,214,52,3800,214
443,40,178,2,180,66,188,230,92,36,186,160,116,136,52,48,116,36,8,186,160,92,20,102,180,178,52,2,8,102,136,48,40,20,188,230,66,3680,230
444,46,150,54,180,30,224,208,66,40,186,150,98,126,54,150,66,16,40,136,84,98,30,136,180,150,16,14,4,126,186,14,46,4,208,224,84,3624,224
445,50,174,106,158,12,226,190,32,62,174,146,78,116,116,146,32,4,62,106,100,78,68,158,174,100,68,12,4,174,108,8,50,8,190,226,108,3624,226
446,54,158,148,164,50,216,164,16,130,166,130,54,118,118,84,12,44,84,164,50,2,104,158,164,44,166,54,12,104,120,16,54,2,148,216,120,3608,216
447,118,148,188,140,92,188,144,8,114,162,118,48,114,162,96,38,38,96,144,46,26,128,144,148,14,92,48,14,144,128,26,46,8,188,188,140,3684,188
448,62,178,206,136,136,178,126,6,126,156,122,34,108,104,122,44,108,104,112,34,62,136,132,112,34,136,44,6,156,132,34,34,34,150,206,150,3760,206
449,106,112,210,150,164,162,106,10,86,144,112,22,88,162,66,66,78,104,144,10,86,140,114,78,88,140,50,22,104,114,26,26,50,164,210,150,3664,210
450,136,4,208,152,180,136,78,30,128,128,92,62,86,92,30,64,88,88,64,30,110,136,92,30,98,136,86,62,92,110,78,4,98,180,208,152,3548,208
451,74,54,180,98,202,150,68,22,130,130,78,40,68,120,54,74,94,94,62,62,120,126,54,22,54,138,78,40,150,126,68,68,98,180,202,138,3516,202
452,128,100,156,18,196,128,54,54,82,104,68,46,58,100,68,82,104,78,6,104,144,110,18,6,78,156,104,46,110,122,58,112,112,144,196,122,3372,196
453,128,140,140,36,180,128,34,60,82,114,60,58,50,130,32,94,94,66,32,136,132,82,58,34,114,140,66,50,104,136,36,140,130,180,132,104,3432,180
454,84,176,112,88,166,116,18,72,116,106,50,72,42,148,18,102,102,62,84,148,134,54,112,42,82,166,54,50,88,130,62,134,130,176,106,82,3484,176
455,76,192,80,136,150,118,8,52,58,96,52,76,24,132,8,110,118,52,118,154,132,22,110,52,118,136,96,22,150,132,80,154,132,192,24,58,3420,192
456,22,192,78,164,134,100,42,78,10,110,42,96,4,152,4,116,110,42,152,156,124,44,126,42,134,164,100,22,116,124,96,156,126,192,10,44,3424,192
457,70,172,60,190,128,94,60,32,56,94,18,120,18,146,24,120,120,6,168,146,108,70,130,56,128,172,94,24,108,120,94,168,130,190,32,6,3472,190
458,114,152,16,198,102,48,40,82,102,82,28,130,48,124,64,114,64,28,178,136,90,114,136,102,102,178,130,46,90,114,46,152,124,198,40,16,3528,198
459,164,124,8,180,90,20,38,60,154,74,8,122,20,122,76,102,26,74,174,120,26,174,120,76,102,180,90,102,124,102,90,154,90,164,38,60,3448,180
460,196,82,16,158,72,58,46,58,188,82,46,182,20,90,106,74,16,76,160,90,46,188,138,82,106,196,74,138,72,182,82,158,76,160,46,20,3580,196
461,208,38,24,136,24,34,42,34,202,86,90,170,38,170,120,72,8,120,146,40,86,208,146,36,68,202,90,166,36,136,40,166,68,72,42,8,3372,208
462,204,8,18,118,38,18,100,28,198,84,100,176,28,134,134,38,36,116,116,38,118,204,176,66,74,198,84,176,74,36,42,176,42,38,8,66,3308,204
463,180,18,14,84,14,8,84,84,166,80,108,200,24,102,144,8,50,166,76,82,76,186,144,50,84,200,108,186,102,24,80,180,2,18,2,82,3216,200
464,174,46,2,46,20,12,52,112,130,82,122,212,20,112,144,12,52,174,20,70,118,212,144,50,92,182,122,182,118,70,82,130,20,50,2,92,3280,212
465,150,38,30,38,38,18,38,156,68,82,128,206,18,104,142,2,52,156,30,150,94,206,142,62,128,176,68,176,142,94,52,142,82,62,2,104,3376,206
466,124,36,36,4,22,18,4,180,36,96,152,194,4,152,134,18,52,134,78,114,110,194,148,52,4,180,96,168,148,110,36,168,124,78,22,114,3340,194
467,100,100,34,20,20,26,28,196,4,112,154,170,4,112,122,26,44,82,112,122,124,196,154,30,30,170,44,154,160,124,34,160,154,82,28,112,3344,196
468,74,42,42,46,8,34,42,190,74,108,158,140,36,36,114,8,36,34,114,148,158,190,140,108,46,132,74,148,168,132,36,168,116,74,42,116,3332,190
469,66,72,40,84,10,54,72,164,54,124,174,114,10,40,110,66,22,24,116,114,174,176,138,24,72,134,72,134,176,138,22,164,110,84,124,116,3388,176
470,34,76,42,104,34,54,104,134,128,128,198,76,4,12,84,84,4,42,118,134,162,198,102,54,102,12,42,128,162,146,42,146,98,98,128,118,3332,198
471,24,142,38,94,50,50,142,104,64,142,200,52,2,2,72,72,24,64,104,122,142,200,170,46,122,46,38,124,170,146,52,146,116,94,124,116,3416,200
472,10,118,46,164,46,56,166,60,84,164,202,50,10,10,48,92,56,84,176,138,140,202,120,48,140,90,10,118,176,138,50,166,90,92,60,120,3540,202
473,12,54,60,110,42,70,184,12,156,174,194,42,10,44,10,96,70,110,124,114,150,194,174,44,150,114,54,110,156,124,60,184,118,96,110,118,3644,194
474,4,142,78,90,66,66,202,18,100,174,160,34,18,54,4,92,54,130,174,132,164,202,130,78,164,132,90,100,142,100,34,160,114,92,100,114,3708,202
475,6,128,134,134,28,76,180,76,76,178,136,22,28,62,22,114,62,138,136,178,180,144,138,68,170,144,114,88,128,68,6,170,106,76,88,106,3708,180
476,36,106,148,148,22,92,160,92,90,190,114,22,34,68,34,190,68,140,134,162,160,18,114,56,162,160,134,72,106,36,18,160,140,56,72,90,3604,190
477,44,32,166,134,60,82,126,66,90,206,90,28,28,64,82,64,70,134,166,150,206,50,126,50,152,168,150,44,60,18,32,168,152,70,18,66,3412,206
478,50,54,198,152,28,124,82,56,82,214,50,8,46,56,46,214,124,142,142,160,198,104,48,56,152,160,166,54,28,16,56,166,104,16,8,48,3408,214
479,40,4,214,146,18,146,30,78,78,204,28,14,78,40,48,214,134,134,136,138,204,136,38,38,134,138,184,48,4,30,78,184,134,28,18,14,3332,214
480,90,40,210,90,18,152,2,86,118,180,18,2,86,16,16,210,110,110,152,152,180,152,90,2,90,118,184,26,26,34,100,184,100,40,34,2,3220,210
481,68,88,184,116,4,178,20,88,106,146,14,14,106,4,20,184,100,100,178,146,164,164,116,40,68,76,168,30,30,40,116,168,116,76,34,34,3304,184
482,26,120,142,120,26,202,48,78,120,114,12,12,120,14,42,202,114,66,134,134,168,168,134,78,56,48,156,14,56,40,134,142,156,66,40,42,3344,202
483,14,152,100,110,42,214,42,104,100,104,14,4,124,26,58,214,124,48,138,146,162,162,144,110,50,26,138,4,36,50,146,144,152,58,36,48,3344,214
484,10,172,58,126,56,210,34,82,134,78,28,6,126,36,82,210,148,34,56,150,172,148,152,124,36,10,134,6,58,26,150,152,124,28,26,78,3260,210
485,38,180,48,124,88,186,24,88,102,74,28,2,124,48,102,186,138,6,24,154,180,130,154,138,18,28,98,18,98,38,154,154,130,6,2,74,3184,186
486,54,178,20,102,102,148,50,110,142,50,2,4,110,50,98,90,98,12,50,148,178,88,142,138,4,54,90,12,20,2,164,164,138,90,90,88,3080,178
487,78,160,36,84,140,112,36,106,112,64,32,26,108,78,106,140,160,64,84,72,154,78,140,154,8,84,84,8,32,26,158,158,140,72,108,78,3280,160
488,98,132,22,88,172,74,80,106,114,66,28,22,106,74,114,120,172,98,112,8,146,64,120,162,8,66,80,22,28,22,146,112,132,88,162,64,3228,172
489,134,86,12,58,198,54,54,112,126,58,22,20,104,48,116,116,160,104,128,48,134,28,86,160,12,86,58,20,22,28,126,58,128,112,198,86,3100,198
490,172,48,4,18,206,40,78,120,132,46,16,12,102,48,120,102,172,120,132,74,40,12,78,142,46,106,40,16,40,18,106,4,142,120,206,74,2952,206
491,204,6,34,64,186,24,94,124,124,34,2,2,94,54,124,64,186,130,144,100,26,22,54,130,26,100,28,24,28,6,94,22,144,124,204,94,2920,204
492,214,76,34,90,168,8,90,124,126,44,8,2,90,44,126,42,168,154,154,130,54,54,16,112,34,112,34,16,2,42,76,34,130,124,214,90,3036,214
493,204,92,62,136,132,2,48,120,136,34,12,14,82,34,120,18,168,150,168,150,82,82,14,92,68,126,12,2,18,68,62,48,132,126,204,82,3100,204
494,182,102,60,180,94,16,74,118,114,22,22,44,74,38,118,16,180,168,154,168,114,94,62,62,44,120,14,14,38,102,60,54,154,120,182,54,3232,182
495,118,126,74,218,46,58,94,118,134,26,38,92,38,8,116,52,134,54,126,168,134,92,52,58,46,116,8,26,74,134,116,54,168,94,218,116,3344,218
496,82,120,62,224,8,30,78,110,142,4,18,142,30,18,110,78,174,160,120,174,160,158,78,4,106,82,8,106,104,158,62,58,104,78,224,58,3432,224
497,26,146,54,190,20,26,94,154,52,12,12,206,20,40,94,94,190,176,100,146,176,170,94,4,50,120,4,154,120,170,52,50,40,54,206,100,3416,206
498,12,148,46,150,68,48,96,138,46,8,12,228,2,50,96,106,176,176,68,138,176,150,106,24,50,152,8,152,148,176,48,46,2,24,228,46,3348,228
499,28,158,70,92,74,32,122,96,96,4,46,234,10,66,74,124,166,180,38,122,152,152,92,38,46,124,4,158,180,166,70,32,28,10,234,66,3384,234
500,30,146,98,26,62,26,90,130,150,14,82,234,14,62,68,130,170,150,30,98,126,172,82,30,68,126,30,172,170,146,90,30,62,30,234,62,3440,234
501,28,126,58,30,66,6,74,114,188,30,114,218,6,66,62,126,160,218,22,90,104,180,126,22,62,100,58,180,160,126,100,28,74,90,188,104,3504,218
502,28,202,64,68,84,10,82,96,204,32,164,202,14,68,64,124,146,164,10,84,80,180,124,14,32,80,80,180,146,96,106,28,82,106,204,80,3528,204
503,62,208,36,90,58,2,96,20,206,34,184,208,36,58,36,118,134,184,2,62,40,172,118,36,34,40,96,172,134,68,118,20,90,118,206,68,3364,208
