Interval,Processor0,Processor1,Processor2,Processor3,Processor4,Processor5,Processor6,Processor7,Processor8,Processor9,Processor10,Processor11,Processor12,Processor13,Processor14,Processor15,Processor16,Processor17,Processor18,Processor19,Processor20,Processor21,Processor22,Processor23,Processor24,Processor25,Processor26,Processor27,Processor28,Processor29,Processor30,Processor31,Processor32,Processor33,Processor34,Processor35,Processor36,Processor37,Processor38,Processor39,Processor40,Processor41,Processor42,Processor43,Processor44,Processor45,Processor46,Processor47,Processor48,Processor49,Processor50,Processor51,Processor52,Processor53,Processor54,Processor55,Processor56,Processor57,Processor58,Processor59,Processor60,Processor61,Processor62,Processor63,Processor64,Processor65,Processor66,Processor67,Processor68,Processor69,Processor70,Processor71,Processor72,Processor73,Processor74,Processor75,Processor76,Processor77,Processor78,Processor79,Processor80,Processor81,Processor82,Processor83,Processor84,Processor85,Processor86,Processor87,Processor88,Processor89,Processor90,Processor91,Processor92,Processor93,Processor94,Processor95,Processor96,Processor97,Processor98,Processor99,Processor100,Processor101,Processor102,Processor103,Processor104,Processor105,Processor106,Processor107,Processor108,Processor109,Processor110,Processor111,Processor112,Processor113,Processor114,Processor115,Processor116,Processor117,Processor118,Processor119,Processor120,Processor121,Processor122,Processor123,Processor124,Processor125,Processor126,Processor127,Processor128,Processor129,Processor130,Processor131,Processor132,Processor133,Processor134,Processor135,Processor136,Processor137,Processor138,Processor139,Processor140,Processor141,Processor142,Processor143,Max,Mean,SD,CV
0,284407.0,328872.0,313251.0,288743.0,322548.0,395602.0,337297.0,349545.0,291587.0,281660.0,383639.0,291189.0,289837.0,327909.0,286450.0,321758.0,279112.0,337910.0,403560.0,292999.0,372310.0,401607.0,288867.0,278921.0,385040.0,313283.0,308256.0,468099.0,357372.0,333141.0,396937.0,377745.0,284569.0,329216.0,465083.0,365361.0,288457.0,290183.0,449527.0,377374.0,313264.0,408861.0,451867.0,381848.0,291135.0,446967.0,373818.0,350165.0,290730.0,448900.0,324823.0,334603.0,294933.0,376247.0,304425.0,321928.0,307496.0,314849.0,291920.0,294966.0,290349.0,290308.0,291486.0,298069.0,317020.0,322310.0,290091.0,289133.0,394764.0,348969.0,292568.0,286731.0,335160.0,342912.0,318758.0,326344.0,296753.0,303360.0,312743.0,297297.0,291783.0,283297.0,296279.0,312701.0,290444.0,321606.0,290947.0,315625.0,301412.0,289983.0,295677.0,299730.0,291811.0,286717.0,286729.0,325061.0,280528.0,294832.0,282528.0,311498.0,293296.0,291880.0,289058.0,368012.0,321364.0,341345.0,378852.0,440860.0,384581.0,453602.0,476844.0,308696.0,445912.0,390154.0,288350.0,289602.0,304658.0,295170.0,276271.0,280234.0,329444.0,317285.0,357641.0,425018.0,406811.0,354513.0,378385.0,443457.0,371125.0,324836.0,396857.0,273374.0,282236.0,384781.0,389737.0,288522.0,291798.0,392345.0,399721.0,345643.0,309033.0,344318.0,306147.0,312163.0,476844.0,333341.75,50930.490801120846,0.15278761451609602
1,231919.0,236220.0,220234.0,225234.0,279849.0,285344.0,256214.0,311391.0,227254.0,224779.0,312129.0,226818.0,222863.0,242014.0,230023.0,267651.0,223755.0,280388.0,374001.0,242180.0,265165.0,360103.0,219482.0,253975.0,378482.0,219858.0,348171.0,382245.0,271906.0,258399.0,432931.0,317717.0,221503.0,228437.0,446846.0,328335.0,226807.0,290372.0,438567.0,344960.0,258180.0,408785.0,386071.0,345640.0,226125.0,444814.0,337249.0,306500.0,257710.0,413316.0,292510.0,291308.0,254288.0,323618.0,250269.0,248317.0,244685.0,222602.0,285633.0,234450.0,228679.0,268529.0,376500.0,271065.0,268958.0,270568.0,250944.0,312035.0,339105.0,339542.0,232057.0,328188.0,282867.0,301028.0,276112.0,242648.0,226268.0,226891.0,253250.0,223629.0,352922.0,270065.0,227008.0,229842.0,371442.0,324915.0,230523.0,227337.0,324397.0,243790.0,230444.0,234110.0,294454.0,221237.0,220938.0,278142.0,260782.0,233187.0,243323.0,264880.0,267356.0,230683.0,259863.0,374746.0,289481.0,329862.0,440378.0,436893.0,392166.0,449921.0,378502.0,230569.0,450707.0,282542.0,220679.0,222253.0,235545.0,230097.0,219056.0,232528.0,300965.0,230544.0,276704.0,344900.0,432762.0,286834.0,330058.0,445070.0,292400.0,371563.0,393369.0,234034.0,230538.0,392344.0,391840.0,232002.0,236009.0,388587.0,397319.0,264616.0,238509.0,247283.0,241552.0,241923.0,450707.0,290310.72222222225,67288.39566997794,0.23178060787734575
2,234249.0,232556.0,220276.0,215161.0,254524.0,250878.0,262409.0,316228.0,231152.0,219864.0,290175.0,219010.0,229650.0,246223.0,228406.0,269064.0,225786.0,259502.0,355284.0,239402.0,265958.0,344213.0,216591.0,250307.0,371543.0,212693.0,409220.0,325893.0,265016.0,243155.0,448179.0,283396.0,222518.0,247431.0,444567.0,305156.0,220082.0,361811.0,406482.0,330605.0,254885.0,439838.0,355623.0,337240.0,249015.0,453873.0,320114.0,303457.0,299243.0,371568.0,273658.0,286455.0,273788.0,309853.0,237631.0,231085.0,245357.0,216940.0,346996.0,246024.0,215442.0,263481.0,394829.0,265554.0,241438.0,280685.0,250759.0,313199.0,287020.0,368333.0,233638.0,305116.0,274913.0,283175.0,265313.0,221177.0,215568.0,214385.0,238999.0,224934.0,338458.0,269482.0,216555.0,220412.0,361452.0,316849.0,219029.0,220039.0,318257.0,249523.0,222357.0,228840.0,274053.0,214282.0,217385.0,270425.0,258831.0,217145.0,238081.0,278480.0,231166.0,243078.0,285970.0,416221.0,304771.0,365898.0,462252.0,366519.0,434401.0,432008.0,290056.0,220040.0,395470.0,248808.0,209067.0,226534.0,219893.0,221056.0,227364.0,257142.0,305182.0,223903.0,267790.0,306253.0,444156.0,298511.0,312752.0,462965.0,249063.0,390339.0,406138.0,220038.0,220280.0,390592.0,404521.0,226632.0,228849.0,396444.0,394277.0,245097.0,228777.0,242785.0,228001.0,233549.0,462965.0,285553.88194444444,69104.89355154804,0.24200299110271822
3,233999.0,229359.0,210503.0,211545.0,258222.0,255396.0,244757.0,270077.0,258202.0,215665.0,280065.0,215108.0,227292.0,257388.0,224116.0,266328.0,221010.0,263228.0,352274.0,227169.0,280881.0,350654.0,210980.0,252809.0,366469.0,212371.0,433930.0,289999.0,260411.0,221522.0,445235.0,264092.0,208711.0,317259.0,400581.0,300663.0,214862.0,415150.0,374881.0,322618.0,259363.0,467241.0,343220.0,330918.0,309512.0,412556.0,307793.0,305672.0,342861.0,333804.0,269556.0,279418.0,298232.0,295247.0,229313.0,221359.0,254491.0,211836.0,343069.0,255921.0,228421.0,288875.0,376099.0,265629.0,213009.0,293361.0,255153.0,310489.0,242325.0,396583.0,234906.0,281243.0,260477.0,272867.0,252108.0,212643.0,230234.0,212035.0,228840.0,210864.0,342297.0,256184.0,210019.0,215486.0,376897.0,307054.0,225516.0,213898.0,301746.0,258379.0,218929.0,226977.0,282203.0,216517.0,210449.0,268372.0,255358.0,210881.0,213819.0,306110.0,236943.0,262892.0,327649.0,440375.0,315003.0,420914.0,457868.0,287627.0,454277.0,356002.0,245247.0,209849.0,317263.0,231906.0,212646.0,229062.0,209558.0,218368.0,213264.0,263216.0,321258.0,221491.0,256578.0,295480.0,437779.0,306420.0,289734.0,442685.0,223311.0,388598.0,396543.0,281791.0,213978.0,401956.0,414637.0,222706.0,230858.0,393745.0,383233.0,241028.0,220422.0,243974.0,226055.0,228926.0,467241.0,282732.84722222225,69163.44570435224,0.24462472749051045
4,214454.0,230370.0,207118.0,209448.0,251760.0,275149.0,260740.0,292001.0,243629.0,216754.0,291924.0,215050.0,216154.0,251549.0,223205.0,268706.0,220043.0,282284.0,342007.0,222990.0,294627.0,341402.0,204900.0,246749.0,352098.0,213988.0,452373.0,260888.0,288629.0,297004.0,401562.0,247130.0,206060.0,384052.0,359449.0,294614.0,213043.0,449996.0,359137.0,316809.0,297797.0,445436.0,331464.0,325059.0,378742.0,362815.0,306735.0,295393.0,375951.0,311230.0,257581.0,271466.0,322480.0,281557.0,219274.0,216132.0,262005.0,213271.0,340766.0,262129.0,235343.0,337269.0,396592.0,270851.0,209479.0,298868.0,233235.0,307215.0,213008.0,411388.0,239669.0,267569.0,242423.0,253369.0,239340.0,215382.0,241381.0,241111.0,219216.0,214053.0,330111.0,276236.0,206718.0,214332.0,353208.0,336402.0,207417.0,216176.0,310625.0,258211.0,218185.0,224772.0,292504.0,207444.0,212024.0,276748.0,243141.0,216295.0,216496.0,350206.0,212404.0,299216.0,404286.0,439078.0,350079.0,443267.0,408452.0,238345.0,457383.0,284406.0,226548.0,206805.0,269082.0,223339.0,210202.0,239591.0,205006.0,215529.0,206019.0,256654.0,356150.0,230972.0,247261.0,281459.0,403093.0,321599.0,265073.0,388490.0,216763.0,388066.0,358265.0,351161.0,211297.0,394103.0,398724.0,221840.0,227676.0,398354.0,384336.0,225232.0,207852.0,218546.0,210797.0,230091.0,457383.0,281833.5486111111,69545.27931547246,0.24676011659433322
5,211203.0,224592.0,206484.0,207662.0,283599.0,256018.0,228268.0,333988.0,219500.0,212947.0,290977.0,213628.0,214106.0,224080.0,222890.0,262192.0,211775.0,285779.0,338125.0,214895.0,339183.0,337509.0,204841.0,250355.0,364086.0,258376.0,434201.0,240996.0,305990.0,382916.0,343390.0,232505.0,203293.0,429638.0,330099.0,279990.0,236296.0,457900.0,346889.0,311786.0,384913.0,410421.0,325797.0,324607.0,425099.0,331690.0,299344.0,284151.0,414917.0,289123.0,247194.0,267798.0,351807.0,267327.0,213910.0,210974.0,278508.0,211136.0,355745.0,293786.0,230366.0,361970.0,378785.0,261807.0,242863.0,293008.0,221911.0,344214.0,206575.0,403270.0,253520.0,243910.0,230055.0,241204.0,225022.0,257613.0,248286.0,241721.0,213451.0,248140.0,341178.0,273482.0,208702.0,210287.0,371912.0,343993.0,209076.0,214494.0,314784.0,227763.0,216654.0,229118.0,275177.0,210648.0,214076.0,294908.0,215360.0,239674.0,255742.0,403753.0,230761.0,346673.0,450504.0,398820.0,398482.0,434975.0,327024.0,217644.0,430652.0,233173.0,218746.0,202225.0,239543.0,217671.0,221993.0,227523.0,206002.0,214045.0,215428.0,266522.0,402578.0,244885.0,244785.0,268968.0,362352.0,331053.0,244806.0,347474.0,210384.0,381305.0,306290.0,405157.0,208423.0,393819.0,403381.0,223209.0,223906.0,379146.0,380983.0,217151.0,209292.0,218451.0,208981.0,219570.0,457900.0,282600.1458333333,71578.74107611304,0.2532862849912591
6,208093.0,229164.0,207559.0,208394.0,270856.0,259609.0,242202.0,323296.0,238624.0,213317.0,265054.0,214279.0,209234.0,242398.0,223205.0,267814.0,211894.0,265311.0,377801.0,223388.0,327149.0,339444.0,206169.0,221435.0,386228.0,339188.0,386264.0,233249.0,315977.0,436209.0,308148.0,221775.0,210893.0,458234.0,308015.0,271606.0,310577.0,444318.0,337607.0,306469.0,443083.0,381471.0,325526.0,312067.0,456374.0,314772.0,301384.0,283093.0,440765.0,281160.0,242471.0,259445.0,382212.0,258555.0,213157.0,206110.0,294186.0,210736.0,385559.0,283605.0,238558.0,396454.0,395461.0,254833.0,282566.0,295257.0,206624.0,335022.0,222439.0,389068.0,278100.0,215438.0,219733.0,227229.0,218312.0,259729.0,272204.0,252728.0,213986.0,253055.0,338206.0,277234.0,204053.0,209812.0,383285.0,342962.0,209694.0,215684.0,302721.0,235475.0,220488.0,244101.0,259813.0,215186.0,225224.0,326886.0,211236.0,274780.0,319510.0,454688.0,282442.0,406395.0,466742.0,315841.0,450200.0,388016.0,279955.0,213150.0,391311.0,214513.0,215743.0,211119.0,231437.0,214418.0,228607.0,246605.0,212215.0,213027.0,218303.0,256386.0,450630.0,273915.0,244343.0,262750.0,301142.0,325363.0,235403.0,312634.0,205099.0,397815.0,269271.0,440165.0,206816.0,402991.0,408134.0,235053.0,234285.0,402848.0,390843.0,232733.0,206571.0,223843.0,205204.0,224816.0,466742.0,286063.21527777775,75272.96996913626,0.26313404153009845
7,209787.0,227948.0,212392.0,209889.0,275421.0,252155.0,244084.0,301782.0,255125.0,212276.0,281454.0,211545.0,212994.0,239871.0,224154.0,264563.0,216090.0,296930.0,368926.0,232641.0,332084.0,358963.0,209931.0,252257.0,380581.0,412533.0,329513.0,222525.0,259807.0,470552.0,277291.0,212525.0,260970.0,445479.0,292373.0,258654.0,394849.0,399834.0,331049.0,294270.0,464255.0,353185.0,319903.0,300821.0,464527.0,302591.0,296826.0,271578.0,446119.0,270387.0,240415.0,254443.0,400656.0,248968.0,209317.0,219934.0,317968.0,209560.0,387907.0,290891.0,218843.0,406371.0,410502.0,259748.0,348291.0,289914.0,210059.0,317475.0,228965.0,364121.0,304861.0,210286.0,214366.0,218133.0,214190.0,275965.0,271007.0,262516.0,211496.0,245445.0,346053.0,262455.0,213522.0,209343.0,383665.0,339240.0,215246.0,224755.0,280932.0,228213.0,226977.0,265519.0,240931.0,227899.0,250744.0,375742.0,235227.0,316035.0,397290.0,471846.0,337350.0,450053.0,430785.0,256890.0,466016.0,311867.0,260519.0,209320.0,336094.0,211809.0,211889.0,217504.0,223752.0,213460.0,243592.0,238109.0,216829.0,212390.0,223146.0,275258.0,463024.0,309950.0,241634.0,263412.0,259164.0,317563.0,230217.0,285675.0,208171.0,418887.0,239706.0,435905.0,205364.0,408068.0,411956.0,277199.0,243956.0,412764.0,393579.0,233305.0,210023.0,237329.0,210792.0,227210.0,471846.0,288208.2708333333,76637.94952370191,0.26591169400554965
8,218033.0,233159.0,215789.0,216705.0,298802.0,268483.0,242860.0,337862.0,240417.0,213369.0,298260.0,213107.0,221749.0,250559.0,227502.0,268237.0,221411.0,298148.0,359345.0,218642.0,339767.0,361824.0,216168.0,387207.0,365748.0,454150.0,296800.0,213293.0,239710.0,450929.0,254147.0,212211.0,355974.0,399323.0,283065.0,244686.0,450058.0,367561.0,328043.0,284838.0,480182.0,337604.0,316593.0,295213.0,422358.0,295798.0,292004.0,265408.0,407771.0,265266.0,238289.0,246795.0,418212.0,241006.0,217744.0,239081.0,342347.0,209330.0,390642.0,303587.0,207340.0,396225.0,399480.0,263002.0,349941.0,276385.0,213148.0,306766.0,240123.0,339214.0,343865.0,221126.0,212275.0,212332.0,210474.0,316793.0,278636.0,261934.0,210412.0,256833.0,355228.0,295645.0,230254.0,211050.0,374668.0,340613.0,221406.0,241810.0,295510.0,218483.0,240509.0,306343.0,218466.0,250468.0,296660.0,431075.0,278394.0,364408.0,452911.0,436488.0,404301.0,450782.0,335869.0,235181.0,451149.0,253042.0,251509.0,214710.0,301331.0,214643.0,209931.0,223983.0,224197.0,212728.0,250052.0,252151.0,225891.0,212956.0,220424.0,290492.0,448293.0,349532.0,246047.0,259504.0,247569.0,298312.0,232109.0,266874.0,212590.0,400766.0,236569.0,416120.0,212939.0,401522.0,425704.0,333223.0,236527.0,396310.0,395967.0,230415.0,217001.0,224109.0,219555.0,228951.0,480182.0,291261.7638888889,75369.91750581356,0.25877038063453406
9,247761.0,265651.0,248517.0,241212.0,349454.0,344336.0,322535.0,363506.0,325265.0,233758.0,351579.0,235463.0,249421.0,317107.0,242973.0,285293.0,247361.0,356592.0,402265.0,324815.0,362976.0,395765.0,235866.0,479419.0,236338.0,477890.0,289041.0,240789.0,355757.0,407188.0,250402.0,228477.0,463673.0,366759.0,279283.0,248239.0,481682.0,357672.0,328012.0,280184.0,460725.0,348541.0,323216.0,296726.0,386134.0,307573.0,298727.0,285546.0,377695.0,279488.0,257062.0,285647.0,430396.0,266060.0,245849.0,248277.0,378214.0,248086.0,261200.0,246383.0,239684.0,349051.0,289841.0,247198.0,396833.0,276641.0,245859.0,260312.0,320483.0,309827.0,390393.0,265564.0,243570.0,241708.0,243245.0,253154.0,247709.0,278183.0,240925.0,242679.0,249304.0,347237.0,254664.0,246492.0,253355.0,313182.0,249662.0,270722.0,251085.0,240516.0,263852.0,366708.0,242779.0,284354.0,361637.0,485936.0,331668.0,432040.0,481344.0,362129.0,469688.0,399030.0,282073.0,243067.0,406645.0,246441.0,255613.0,250748.0,290490.0,242482.0,238637.0,303391.0,241162.0,229345.0,317478.0,331362.0,299725.0,235520.0,291498.0,343048.0,413455.0,394898.0,302143.0,288794.0,252356.0,281674.0,269683.0,286983.0,248089.0,426631.0,266029.0,394638.0,245526.0,422338.0,424528.0,391959.0,266086.0,426044.0,424343.0,230366.0,239902.0,294782.0,244692.0,275708.0,485936.0,308697.47222222225,70331.87210043542,0.22783429872015787
10,231255.0,224313.0,227345.0,222042.0,305272.0,270540.0,240771.0,336225.0,283925.0,226611.0,322270.0,230671.0,231933.0,251696.0,233360.0,343826.0,222151.0,342194.0,365377.0,421231.0,350304.0,355373.0,240124.0,502458.0,313367.0,451680.0,259581.0,224352.0,447700.0,341956.0,233885.0,232836.0,502542.0,329274.0,265536.0,234854.0,460024.0,329601.0,310573.0,245253.0,404928.0,327787.0,311573.0,274288.0,338272.0,293241.0,293887.0,263518.0,333324.0,264321.0,236986.0,243956.0,399308.0,240436.0,220920.0,241231.0,397231.0,222985.0,395636.0,278280.0,236684.0,379763.0,402410.0,227410.0,388697.0,253673.0,233827.0,288750.0,266422.0,268405.0,416438.0,280648.0,224536.0,222810.0,216856.0,341688.0,295214.0,277745.0,223002.0,262865.0,345106.0,298193.0,226772.0,227719.0,356283.0,306128.0,227535.0,291225.0,239825.0,235533.0,285163.0,407257.0,247001.0,332954.0,433655.0,495751.0,383261.0,476053.0,410730.0,273726.0,475147.0,291965.0,254503.0,230983.0,326083.0,229839.0,244067.0,223497.0,277461.0,228549.0,219878.0,237944.0,230040.0,224115.0,270926.0,269741.0,247388.0,226991.0,243467.0,338961.0,346358.0,405541.0,259260.0,261161.0,238742.0,252965.0,252906.0,242890.0,219241.0,417772.0,252198.0,353885.0,228189.0,443152.0,445710.0,410516.0,241437.0,434533.0,416055.0,241088.0,221079.0,241757.0,216468.0,231479.0,502542.0,298055.75694444444,76524.84777156866,0.25674675287628274
11,225344.0,238260.0,224691.0,218075.0,304771.0,278836.0,256033.0,265243.0,273942.0,224172.0,337604.0,300188.0,223093.0,256386.0,232502.0,430425.0,234475.0,354016.0,367377.0,480934.0,373948.0,377162.0,313586.0,465712.0,428401.0,398801.0,250466.0,220954.0,498008.0,304965.0,227660.0,242792.0,471305.0,308269.0,249841.0,228048.0,415221.0,308704.0,297499.0,232338.0,366230.0,330094.0,310716.0,264286.0,318243.0,288865.0,289049.0,264269.0,307085.0,260269.0,234810.0,239998.0,358516.0,235010.0,219996.0,252123.0,413125.0,222186.0,383279.0,275659.0,258514.0,373502.0,397871.0,223261.0,377804.0,240135.0,240887.0,239232.0,284854.0,244003.0,422168.0,311223.0,215812.0,219317.0,216038.0,348253.0,313178.0,263939.0,225100.0,254394.0,361148.0,332332.0,226796.0,232846.0,376173.0,267135.0,223363.0,318807.0,224315.0,260026.0,325757.0,459794.0,282139.0,393853.0,480395.0,428194.0,445656.0,445955.0,297472.0,251284.0,442436.0,230782.0,240976.0,225016.0,281675.0,224982.0,236660.0,228780.0,274649.0,222891.0,225195.0,242729.0,225756.0,221843.0,257453.0,269245.0,259837.0,223488.0,258109.0,347000.0,308730.0,415656.0,274693.0,260048.0,235368.0,232748.0,260622.0,237954.0,231335.0,419950.0,265987.0,317520.0,220036.0,426169.0,441192.0,417622.0,238388.0,419674.0,413045.0,300393.0,213862.0,241805.0,217845.0,237987.0,498008.0,297672.99305555556,76709.70537099017,0.2576979005840601
12,231518.0,239429.0,216054.0,225457.0,300054.0,288973.0,250850.0,263284.0,279985.0,224459.0,328505.0,397071.0,226620.0,261519.0,233132.0,474411.0,235672.0,349447.0,226175.0,484616.0,354620.0,354862.0,406491.0,414511.0,497647.0,350691.0,237440.0,221003.0,474607.0,274140.0,223853.0,244992.0,416025.0,286355.0,238347.0,225454.0,362394.0,308377.0,285207.0,228999.0,348246.0,328624.0,308878.0,255714.0,302042.0,293376.0,289812.0,259938.0,292881.0,261600.0,234143.0,233745.0,333571.0,235029.0,243123.0,260476.0,415784.0,217302.0,397772.0,304942.0,291581.0,363053.0,418651.0,232257.0,383895.0,231556.0,257129.0,219125.0,293303.0,231070.0,411373.0,355008.0,228689.0,213676.0,215247.0,353628.0,305563.0,297963.0,225129.0,243738.0,355366.0,317606.0,237530.0,238670.0,351109.0,250014.0,225308.0,356338.0,225488.0,301288.0,386256.0,477147.0,335467.0,453180.0,461190.0,326386.0,478506.0,343821.0,231741.0,236189.0,345175.0,218684.0,236244.0,224566.0,258315.0,226186.0,236576.0,241253.0,275043.0,236532.0,216488.0,249330.0,225323.0,219601.0,282258.0,284453.0,248100.0,224775.0,252364.0,330172.0,291587.0,394092.0,293781.0,265214.0,236142.0,225589.0,268305.0,232978.0,230809.0,418361.0,312890.0,292465.0,220523.0,439886.0,428924.0,414691.0,240584.0,417538.0,421748.0,355410.0,217978.0,236428.0,223687.0,225688.0,497647.0,296230.65277777775,75690.13635589436,0.25551081782436114
13,233581.0,234054.0,226659.0,270966.0,292932.0,279003.0,252644.0,362581.0,277866.0,221826.0,345037.0,448360.0,242377.0,258919.0,237979.0,479528.0,234943.0,341890.0,305971.0,438771.0,345882.0,371693.0,447444.0,360760.0,485346.0,318787.0,231462.0,224724.0,408856.0,256666.0,218927.0,260129.0,360080.0,272031.0,231463.0,222706.0,342602.0,300985.0,270636.0,224113.0,330023.0,324588.0,304552.0,248385.0,288188.0,288498.0,284173.0,257276.0,281832.0,258031.0,228373.0,235445.0,309893.0,229602.0,240616.0,236247.0,396525.0,231039.0,393805.0,274492.0,335300.0,310706.0,381161.0,225702.0,378369.0,224306.0,270947.0,227608.0,301460.0,225462.0,381499.0,401704.0,227344.0,228480.0,227842.0,338262.0,321698.0,282261.0,220794.0,230812.0,348011.0,326822.0,230484.0,255458.0,327332.0,221406.0,246375.0,407264.0,240753.0,337974.0,439522.0,438643.0,395938.0,457881.0,361672.0,281235.0,457279.0,255866.0,219214.0,236627.0,264133.0,220664.0,235247.0,219779.0,251671.0,219278.0,232923.0,235689.0,270176.0,231565.0,224809.0,254560.0,224218.0,219687.0,303514.0,277370.0,256499.0,223678.0,243124.0,335089.0,277217.0,358754.0,319585.0,261558.0,231395.0,221108.0,276476.0,229904.0,242539.0,402268.0,352190.0,273346.0,233506.0,429069.0,400769.0,400049.0,253515.0,423736.0,398852.0,391374.0,228416.0,234927.0,231039.0,275842.0,485346.0,293759.31944444444,71116.46545638406,0.24209092528835857
14,225220.0,243290.0,220490.0,351518.0,306015.0,270946.0,260135.0,421506.0,270010.0,218772.0,302059.0,476493.0,240146.0,275166.0,286491.0,451343.0,233300.0,354198.0,389185.0,392917.0,358977.0,248787.0,465344.0,326496.0,426585.0,290328.0,228676.0,214671.0,352841.0,237106.0,213736.0,263129.0,337601.0,253119.0,225356.0,219492.0,325663.0,290439.0,251513.0,218239.0,325598.0,317096.0,300945.0,238693.0,285833.0,286876.0,281728.0,256306.0,272025.0,253504.0,223017.0,238071.0,290958.0,221976.0,249071.0,238035.0,361862.0,233844.0,393851.0,294972.0,386316.0,324268.0,378669.0,214566.0,364695.0,218164.0,287910.0,253238.0,333123.0,218135.0,338005.0,430278.0,227710.0,226225.0,222242.0,329880.0,316370.0,311581.0,220362.0,224007.0,347840.0,309149.0,228082.0,279525.0,245059.0,226099.0,298357.0,438314.0,274874.0,396436.0,467075.0,343834.0,445523.0,418711.0,270463.0,268211.0,360944.0,218298.0,215202.0,229062.0,224966.0,229610.0,229078.0,213861.0,244521.0,214413.0,227797.0,239169.0,270375.0,230404.0,228398.0,264241.0,219639.0,218370.0,323503.0,293560.0,264798.0,218310.0,259235.0,332482.0,271789.0,312487.0,357168.0,265478.0,227319.0,231108.0,282070.0,224561.0,245626.0,411482.0,378977.0,256273.0,221487.0,423048.0,380870.0,384367.0,252073.0,408267.0,391108.0,407662.0,215697.0,240517.0,223887.0,343360.0,476493.0,291053.97222222225,69915.38796575477,0.24021451221553422
15,226441.0,238306.0,226433.0,425783.0,323337.0,267328.0,262600.0,452125.0,288364.0,221067.0,237877.0,453125.0,239741.0,258281.0,361691.0,421556.0,231845.0,368576.0,436946.0,340643.0,377179.0,238755.0,446585.0,302786.0,373289.0,276760.0,229432.0,221137.0,311103.0,229750.0,230208.0,251814.0,320566.0,246966.0,221264.0,216974.0,321886.0,284513.0,244322.0,216749.0,315360.0,316324.0,296287.0,237480.0,276740.0,290496.0,273283.0,259489.0,271418.0,249579.0,221277.0,240866.0,284241.0,220669.0,249412.0,245707.0,328439.0,236479.0,382673.0,274960.0,421733.0,294437.0,387991.0,220916.0,283623.0,222503.0,304380.0,290223.0,362260.0,219235.0,299071.0,441164.0,230165.0,223431.0,219639.0,314263.0,344045.0,313894.0,221976.0,220607.0,356045.0,266310.0,221510.0,326598.0,219015.0,248628.0,371454.0,445040.0,320876.0,438602.0,443990.0,276311.0,447181.0,325057.0,232751.0,260312.0,271963.0,220091.0,220681.0,226626.0,221751.0,244418.0,228016.0,221832.0,241494.0,220819.0,229023.0,246590.0,269728.0,250171.0,230073.0,262139.0,221440.0,216252.0,350735.0,311135.0,273779.0,221210.0,256840.0,371741.0,267722.0,268787.0,392492.0,268955.0,226796.0,241545.0,283207.0,226863.0,230166.0,391329.0,386763.0,248560.0,229289.0,401678.0,370057.0,359359.0,248296.0,403264.0,395854.0,411151.0,231235.0,240753.0,226759.0,398498.0,453125.0,289780.8541666667,69842.97916765475,0.24101999205056088
16,233704.0,240273.0,226739.0,442744.0,359582.0,298427.0,226176.0,447099.0,326185.0,221820.0,324015.0,414971.0,232752.0,288159.0,418251.0,388224.0,238435.0,268564.0,450754.0,324449.0,365052.0,307470.0,409339.0,279867.0,322265.0,262592.0,228547.0,221358.0,289580.0,227922.0,227059.0,311365.0,310091.0,238914.0,222434.0,219531.0,319133.0,271535.0,232409.0,220696.0,310899.0,309586.0,289201.0,233115.0,273803.0,274691.0,278087.0,253834.0,265608.0,247646.0,223300.0,242487.0,276500.0,221029.0,263633.0,222375.0,309991.0,232614.0,388469.0,270645.0,413969.0,366238.0,373416.0,232042.0,224551.0,223496.0,315829.0,333485.0,360509.0,224023.0,269040.0,408284.0,224600.0,224857.0,223086.0,276431.0,356175.0,327937.0,223753.0,247781.0,267375.0,225835.0,251523.0,384156.0,235475.0,297099.0,427731.0,417171.0,386194.0,449699.0,353924.0,246708.0,417679.0,250268.0,227080.0,251979.0,228770.0,237794.0,236130.0,228156.0,226812.0,268624.0,228312.0,222264.0,240097.0,220835.0,227297.0,255436.0,270550.0,247497.0,226902.0,257073.0,224331.0,219666.0,356179.0,357314.0,307206.0,223751.0,279878.0,355443.0,262777.0,241373.0,418954.0,274735.0,228492.0,243757.0,289019.0,229115.0,250145.0,394784.0,364627.0,241320.0,226951.0,396431.0,242621.0,333534.0,259593.0,398492.0,377473.0,418655.0,222833.0,232546.0,222770.0,420728.0,450754.0,288357.1875,68002.42058548855,0.23582703512631725
17,233007.0,243341.0,225736.0,456447.0,349639.0,299258.0,301141.0,417448.0,316064.0,226021.0,402242.0,356215.0,236922.0,302051.0,448130.0,360126.0,239380.0,242997.0,439706.0,308549.0,363850.0,378547.0,366692.0,280797.0,285898.0,255584.0,229759.0,228718.0,279735.0,225922.0,243966.0,303951.0,300114.0,235071.0,222296.0,221637.0,313338.0,270802.0,226933.0,223730.0,310077.0,294236.0,277428.0,237147.0,271979.0,277786.0,270600.0,256337.0,265290.0,246556.0,225964.0,246280.0,268446.0,227075.0,261331.0,232537.0,295645.0,241724.0,390202.0,268483.0,410725.0,349013.0,388571.0,249053.0,262735.0,225592.0,320911.0,377012.0,359122.0,226302.0,243378.0,352254.0,229866.0,234244.0,222888.0,230146.0,308266.0,258109.0,227090.0,278696.0,239885.0,235784.0,300882.0,433707.0,276866.0,370957.0,456312.0,341633.0,421405.0,401085.0,277248.0,239025.0,329607.0,225754.0,226931.0,252870.0,233242.0,287581.0,235085.0,225157.0,272721.0,303582.0,225105.0,226225.0,243347.0,229390.0,227024.0,254832.0,268394.0,254818.0,238882.0,253442.0,225405.0,222492.0,357423.0,334682.0,315203.0,225310.0,277171.0,356550.0,262447.0,229764.0,420030.0,275115.0,227925.0,257227.0,287862.0,236333.0,241480.0,398953.0,370689.0,239857.0,231890.0,398777.0,232323.0,307306.0,244965.0,405138.0,359521.0,387541.0,227336.0,230609.0,231522.0,445519.0,456447.0,287874.99305555556,65165.42808578885,0.22636710258891052
18,262596.0,263186.0,285572.0,447862.0,350623.0,309372.0,384306.0,368441.0,346642.0,254991.0,438024.0,340635.0,259349.0,259801.0,455015.0,354573.0,268063.0,320983.0,403588.0,302946.0,390681.0,433264.0,331838.0,288276.0,274681.0,295519.0,275711.0,249545.0,285228.0,248929.0,257198.0,280937.0,298935.0,256203.0,254060.0,258519.0,316806.0,287273.0,258442.0,257673.0,312373.0,306047.0,315014.0,288916.0,288691.0,293859.0,293741.0,284225.0,276545.0,277824.0,257978.0,286537.0,288633.0,263107.0,252740.0,257345.0,297650.0,252509.0,264136.0,250204.0,372683.0,270741.0,264907.0,292967.0,322913.0,256598.0,317810.0,412160.0,378258.0,257667.0,251100.0,288356.0,255960.0,256623.0,248181.0,254668.0,249382.0,252018.0,254725.0,317036.0,250524.0,276349.0,354878.0,440882.0,319035.0,431222.0,441665.0,284297.0,463978.0,324525.0,263791.0,253129.0,269848.0,255068.0,255826.0,258477.0,261874.0,303477.0,277518.0,252320.0,342235.0,340814.0,249184.0,267679.0,257236.0,255760.0,254015.0,289332.0,282444.0,291905.0,266591.0,280395.0,258873.0,253674.0,380051.0,365016.0,314967.0,255041.0,310090.0,390172.0,273016.0,254532.0,407678.0,295802.0,250764.0,284354.0,297886.0,285114.0,279377.0,392690.0,395002.0,290834.0,256387.0,401687.0,263130.0,307155.0,261786.0,385306.0,260901.0,353993.0,255048.0,272961.0,253944.0,453086.0,463978.0,301636.8263888889,56057.33855508644,0.18584381498170865
19,239937.0,247514.0,352699.0,391251.0,316271.0,287347.0,428993.0,322098.0,304920.0,230919.0,459952.0,318157.0,241679.0,271664.0,440624.0,347904.0,246249.0,385998.0,353068.0,291553.0,367555.0,437395.0,305876.0,277138.0,251184.0,258185.0,236707.0,243108.0,265528.0,233941.0,237198.0,306675.0,288654.0,232132.0,232811.0,234345.0,305964.0,257214.0,233487.0,229827.0,300419.0,296839.0,268352.0,250910.0,267658.0,279617.0,268941.0,264636.0,261354.0,251401.0,233725.0,260065.0,273857.0,237410.0,237802.0,235416.0,274202.0,249164.0,384739.0,242829.0,334321.0,351518.0,385175.0,284516.0,387218.0,255147.0,305962.0,436781.0,370203.0,243436.0,231968.0,242521.0,235082.0,236450.0,241192.0,236552.0,239591.0,253506.0,263519.0,359727.0,250334.0,321103.0,437262.0,438710.0,371337.0,430925.0,361626.0,251845.0,430877.0,255373.0,247023.0,235153.0,232287.0,237350.0,240312.0,249678.0,260134.0,328504.0,264313.0,233944.0,329025.0,293764.0,232061.0,231095.0,243886.0,237396.0,236523.0,269933.0,269020.0,252645.0,255906.0,268106.0,233103.0,234094.0,370170.0,329470.0,316726.0,235651.0,279103.0,339932.0,265350.0,232900.0,379640.0,298945.0,232154.0,296002.0,286807.0,262664.0,256738.0,376608.0,392173.0,251471.0,254100.0,407523.0,241071.0,278254.0,256841.0,385229.0,251162.0,319649.0,237690.0,256581.0,284607.0,399304.0,459952.0,290184.75,61024.75178456734,0.21029620538145902
20,239779.0,243100.0,412916.0,340121.0,313500.0,306344.0,444325.0,291392.0,316060.0,271012.0,439483.0,299985.0,247092.0,354742.0,405379.0,347442.0,251328.0,449432.0,321950.0,286524.0,231922.0,448655.0,296443.0,274568.0,235726.0,256727.0,235909.0,235278.0,253414.0,234831.0,240448.0,314870.0,279116.0,231395.0,239122.0,233793.0,300389.0,257160.0,232226.0,231955.0,291004.0,287558.0,271539.0,254567.0,268102.0,280654.0,263054.0,267354.0,265149.0,245825.0,235334.0,262677.0,268764.0,252260.0,250399.0,235037.0,269510.0,245642.0,389081.0,240031.0,310895.0,383353.0,372480.0,305298.0,434259.0,266339.0,283649.0,428087.0,366085.0,240546.0,234312.0,239601.0,242858.0,237379.0,232521.0,243936.0,231856.0,280756.0,292509.0,415799.0,279839.0,370159.0,452638.0,381244.0,408924.0,422662.0,272233.0,239697.0,362731.0,232998.0,240182.0,232140.0,241421.0,252955.0,241226.0,247497.0,245096.0,333194.0,268880.0,234274.0,358900.0,303487.0,233124.0,237032.0,242201.0,247318.0,235769.0,282217.0,267922.0,248650.0,249259.0,260560.0,232818.0,238393.0,386613.0,334314.0,300130.0,231287.0,283566.0,352898.0,263888.0,236576.0,346406.0,328790.0,231790.0,299581.0,272915.0,280169.0,247679.0,391115.0,363420.0,255774.0,237028.0,395682.0,243251.0,269733.0,250881.0,395577.0,268109.0,292836.0,238307.0,249359.0,336204.0,356347.0,452638.0,290067.8958333333,61242.70629336184,0.21113231478932976
21,242339.0,258698.0,437434.0,318218.0,291993.0,236233.0,439815.0,274379.0,317298.0,352845.0,406004.0,295516.0,246739.0,422265.0,361397.0,346542.0,244612.0,447250.0,303955.0,282894.0,284909.0,407851.0,281824.0,272019.0,237417.0,256388.0,237488.0,237974.0,245364.0,239345.0,250169.0,272965.0,275415.0,235352.0,232251.0,234339.0,292055.0,251144.0,237596.0,237613.0,293113.0,286596.0,271558.0,259062.0,268918.0,279147.0,268960.0,268151.0,262474.0,246149.0,242628.0,265641.0,268166.0,247173.0,246848.0,237661.0,267406.0,254208.0,393533.0,237933.0,287190.0,397299.0,361967.0,325048.0,452593.0,287359.0,270508.0,379928.0,243286.0,241336.0,238889.0,270195.0,243224.0,235798.0,238743.0,266023.0,251661.0,303438.0,342495.0,461329.0,310997.0,431493.0,452181.0,298367.0,460275.0,344997.0,240874.0,237024.0,286677.0,233070.0,238009.0,235580.0,336636.0,259200.0,236213.0,246699.0,268573.0,361477.0,277073.0,238944.0,387338.0,304610.0,237556.0,236136.0,243140.0,238380.0,237302.0,267225.0,268661.0,248181.0,245123.0,267875.0,240387.0,237777.0,385571.0,348546.0,321580.0,233619.0,267891.0,370313.0,263011.0,235006.0,303327.0,373588.0,234380.0,310526.0,256854.0,308920.0,250601.0,390639.0,340184.0,264574.0,250812.0,394752.0,247187.0,265481.0,248186.0,390978.0,282901.0,273963.0,242862.0,262546.0,388539.0,324852.0,461329.0,290942.8958333333,61345.2263371585,0.21084971386378212
22,244990.0,236075.0,454869.0,296830.0,293610.0,296540.0,400258.0,265841.0,298943.0,422795.0,356584.0,283247.0,230471.0,443694.0,354686.0,340465.0,258039.0,445549.0,295327.0,273541.0,359436.0,359692.0,272671.0,267239.0,236249.0,257640.0,245422.0,245863.0,243664.0,239437.0,247653.0,261084.0,264749.0,242347.0,231275.0,242686.0,287678.0,250959.0,242620.0,249069.0,289384.0,272832.0,263387.0,264865.0,266996.0,277861.0,266739.0,266762.0,259431.0,251289.0,245060.0,265942.0,262279.0,243415.0,237909.0,244360.0,263833.0,290742.0,392299.0,250967.0,269267.0,391488.0,358459.0,357239.0,433273.0,303519.0,258793.0,329463.0,278695.0,235244.0,235972.0,351355.0,242415.0,254312.0,265175.0,317416.0,272199.0,331226.0,418808.0,446298.0,346770.0,441116.0,379050.0,260115.0,450347.0,262039.0,240775.0,241498.0,248478.0,229872.0,241035.0,244143.0,361485.0,244966.0,236567.0,248764.0,280755.0,361697.0,278269.0,236901.0,372190.0,301525.0,246444.0,241040.0,248148.0,233182.0,237597.0,275450.0,265578.0,246088.0,236955.0,263082.0,244596.0,241839.0,378452.0,332635.0,305702.0,240871.0,271005.0,364766.0,264914.0,232239.0,264074.0,428234.0,242553.0,329987.0,247195.0,336342.0,267710.0,386247.0,303724.0,267110.0,234880.0,402073.0,245115.0,267733.0,257961.0,394506.0,291761.0,262985.0,232658.0,242850.0,417886.0,293615.0,454869.0,291408.9861111111,60907.00383336994,0.2090086673241667
23,230494.0,257212.0,451235.0,285097.0,309002.0,379547.0,343297.0,256556.0,323583.0,449339.0,322055.0,276534.0,246683.0,456523.0,327895.0,335183.0,328541.0,399254.0,286546.0,269250.0,428089.0,317555.0,272293.0,257726.0,236139.0,254900.0,244352.0,262316.0,235645.0,235303.0,245802.0,235160.0,265266.0,244691.0,232656.0,243640.0,279144.0,249304.0,237441.0,257950.0,284174.0,274380.0,267144.0,268164.0,266740.0,270060.0,261032.0,265794.0,257725.0,246512.0,239051.0,269722.0,261184.0,271054.0,240862.0,249834.0,259540.0,300175.0,395523.0,259287.0,263584.0,384808.0,331436.0,378543.0,385587.0,313729.0,248567.0,278919.0,367632.0,243630.0,232146.0,335798.0,247101.0,277295.0,286942.0,378288.0,295431.0,367445.0,454969.0,399632.0,403395.0,444010.0,283979.0,249018.0,386883.0,235976.0,237867.0,242528.0,235233.0,231045.0,241610.0,237866.0,379405.0,267887.0,237274.0,248675.0,293467.0,340380.0,274962.0,235039.0,377414.0,326618.0,245777.0,234307.0,248244.0,235845.0,238964.0,269973.0,265016.0,240707.0,238004.0,255244.0,238632.0,239516.0,371198.0,331159.0,335825.0,237969.0,271566.0,344079.0,261189.0,238669.0,252961.0,435341.0,239879.0,339914.0,241337.0,380044.0,232496.0,400558.0,338586.0,285015.0,244138.0,403725.0,281776.0,261596.0,247123.0,400603.0,300834.0,251794.0,235244.0,237279.0,442001.0,269634.0,456523.0,292520.34027777775,61979.44420701593,0.21188080168428683
24,232925.0,322065.0,409259.0,278257.0,283730.0,435763.0,303299.0,257051.0,234920.0,473160.0,301991.0,278381.0,305510.0,442052.0,332896.0,332188.0,410916.0,348831.0,286345.0,267758.0,448190.0,290040.0,272159.0,253494.0,235786.0,253633.0,246889.0,285066.0,235507.0,235758.0,250061.0,238906.0,261185.0,241618.0,237171.0,248103.0,275693.0,248679.0,241570.0,273380.0,287047.0,274466.0,274319.0,267754.0,268957.0,269135.0,270140.0,268269.0,255145.0,245759.0,237917.0,272351.0,256961.0,272307.0,234340.0,257892.0,257367.0,299744.0,386864.0,272838.0,253186.0,387277.0,298253.0,392714.0,358871.0,313393.0,246257.0,254185.0,431934.0,254293.0,237555.0,373086.0,258375.0,308208.0,337992.0,441313.0,326907.0,409069.0,458589.0,310119.0,450985.0,364897.0,249341.0,248805.0,308294.0,227370.0,235446.0,239127.0,244463.0,254141.0,237417.0,240248.0,379430.0,264717.0,241060.0,249278.0,296771.0,358309.0,280909.0,241875.0,379764.0,317162.0,233564.0,231608.0,248903.0,240065.0,238165.0,274199.0,263491.0,273426.0,245308.0,275366.0,238906.0,235128.0,378381.0,327967.0,263939.0,238147.0,280433.0,349540.0,260822.0,239437.0,249740.0,442925.0,238394.0,352008.0,253290.0,395789.0,255618.0,398105.0,386714.0,305521.0,242653.0,419943.0,362617.0,260023.0,253767.0,402535.0,310613.0,247554.0,236491.0,238695.0,441492.0,260008.0,473160.0,295086.3333333333,64211.6579874714,0.2176029545730845
25,241009.0,402721.0,362821.0,265590.0,245649.0,463368.0,271785.0,252206.0,271990.0,452813.0,282649.0,271772.0,395106.0,390976.0,322681.0,333770.0,459463.0,316900.0,277982.0,262193.0,459061.0,267859.0,268205.0,254957.0,257877.0,255435.0,254434.0,338405.0,236597.0,247440.0,231903.0,262832.0,263834.0,242812.0,235512.0,255398.0,272059.0,250790.0,243626.0,287096.0,280358.0,272063.0,278284.0,276492.0,268159.0,270355.0,268088.0,273983.0,254352.0,243863.0,246082.0,275368.0,259216.0,297212.0,240730.0,269139.0,259645.0,334170.0,382980.0,300744.0,249179.0,408323.0,286886.0,384013.0,333015.0,311964.0,246742.0,239438.0,452304.0,286601.0,235781.0,381433.0,279961.0,336934.0,409737.0,454780.0,353353.0,447899.0,415720.0,256412.0,459121.0,286112.0,246305.0,247761.0,262052.0,251104.0,234801.0,240291.0,264479.0,267063.0,246423.0,248139.0,391598.0,271625.0,235752.0,250416.0,306060.0,350202.0,264630.0,236410.0,360606.0,323317.0,233735.0,233386.0,250380.0,240936.0,237168.0,277523.0,264261.0,262618.0,240199.0,258087.0,241326.0,237621.0,357476.0,352364.0,255800.0,240748.0,266564.0,349260.0,263234.0,235497.0,248187.0,415646.0,242819.0,357905.0,294857.0,402559.0,262065.0,397507.0,409146.0,322452.0,229252.0,409815.0,372581.0,263372.0,236194.0,398056.0,309419.0,243220.0,240342.0,258831.0,416714.0,253466.0,463368.0,297070.75694444444,65232.46219208894,0.2195856060119985
26,232971.0,448702.0,336736.0,259870.0,258599.0,455904.0,255506.0,240168.0,369801.0,388797.0,274467.0,267316.0,451849.0,356930.0,319067.0,324263.0,467556.0,292170.0,272227.0,257647.0,411012.0,256791.0,259928.0,245865.0,261150.0,254842.0,267187.0,409159.0,239573.0,241588.0,237907.0,309804.0,254407.0,236449.0,239397.0,268891.0,267845.0,244692.0,243225.0,308934.0,278746.0,276880.0,282478.0,286010.0,262460.0,273312.0,268861.0,280170.0,251000.0,242695.0,242633.0,287180.0,254638.0,339401.0,238005.0,279226.0,255993.0,336972.0,374367.0,337983.0,240437.0,403639.0,303921.0,359595.0,305461.0,296576.0,239577.0,250168.0,462026.0,334696.0,239137.0,366531.0,315923.0,369078.0,456002.0,426163.0,404370.0,440132.0,312324.0,239877.0,415535.0,246993.0,245744.0,237872.0,234532.0,271891.0,239059.0,239549.0,321988.0,296552.0,241527.0,235731.0,392270.0,291698.0,243936.0,244982.0,304077.0,337360.0,282802.0,237908.0,354248.0,294278.0,235294.0,237708.0,243979.0,237503.0,235776.0,280810.0,267491.0,259197.0,248490.0,253270.0,241648.0,236364.0,345071.0,336900.0,382280.0,244857.0,276896.0,332633.0,259437.0,260999.0,241066.0,385875.0,242925.0,353260.0,319460.0,395564.0,254466.0,406173.0,398334.0,355446.0,241815.0,412493.0,366956.0,266942.0,255814.0,400186.0,310582.0,236754.0,239816.0,307206.0,379297.0,243669.0,467556.0,298924.09027777775,64120.12268368657,0.21450302859198267
27,271146.0,474023.0,326281.0,294803.0,363784.0,411570.0,268934.0,261502.0,456577.0,340538.0,282858.0,287120.0,482242.0,342232.0,320531.0,340694.0,452635.0,289616.0,281332.0,276826.0,358022.0,269914.0,276192.0,264247.0,270240.0,286033.0,307678.0,476938.0,255486.0,257162.0,258255.0,375644.0,274192.0,267392.0,257327.0,313620.0,284914.0,274106.0,275977.0,324950.0,289590.0,292272.0,306035.0,309029.0,276912.0,277246.0,289696.0,297196.0,274363.0,278134.0,272193.0,294040.0,277113.0,271434.0,270182.0,293011.0,274563.0,260933.0,268238.0,358993.0,272055.0,317298.0,257575.0,329351.0,303194.0,294432.0,272098.0,316001.0,411728.0,385858.0,258070.0,397056.0,339941.0,432130.0,477610.0,333711.0,456418.0,375296.0,272866.0,253598.0,346744.0,251988.0,256477.0,259338.0,284995.0,312574.0,265118.0,255680.0,350298.0,306314.0,265696.0,255361.0,403871.0,303467.0,272752.0,268408.0,325864.0,360689.0,285421.0,256049.0,392866.0,321455.0,250704.0,258529.0,265359.0,263197.0,254218.0,290292.0,281861.0,280676.0,260921.0,297503.0,279257.0,255465.0,381833.0,338902.0,474545.0,277653.0,295216.0,328261.0,276268.0,269163.0,257436.0,332081.0,257912.0,311172.0,344785.0,389764.0,267416.0,419033.0,419819.0,371674.0,271211.0,426837.0,368605.0,294762.0,261119.0,422530.0,325362.0,281773.0,254936.0,368786.0,350142.0,282491.0,482242.0,312513.09722222225,59139.43810022202,0.1892382707345192
28,319655.0,459559.0,299111.0,246234.0,459758.0,344954.0,240955.0,241969.0,492293.0,301923.0,258745.0,277419.0,463654.0,319024.0,311731.0,305045.0,383396.0,273254.0,263230.0,258634.0,322206.0,240841.0,258812.0,244966.0,261181.0,259131.0,326176.0,468868.0,244266.0,241221.0,246339.0,460383.0,252296.0,242662.0,236490.0,374817.0,262528.0,245769.0,260125.0,346326.0,275845.0,280517.0,298539.0,325081.0,260909.0,276045.0,284627.0,294251.0,245528.0,245138.0,238489.0,295802.0,259641.0,257300.0,243148.0,316681.0,253067.0,295496.0,324667.0,385018.0,239479.0,409062.0,295220.0,290095.0,270474.0,272243.0,246062.0,366974.0,380958.0,428472.0,247072.0,389224.0,396803.0,468700.0,412482.0,253578.0,465860.0,282769.0,240082.0,238728.0,271152.0,244417.0,240955.0,239995.0,313892.0,320881.0,255681.0,241009.0,355304.0,278454.0,238464.0,236383.0,400932.0,270620.0,249873.0,250774.0,329300.0,391746.0,257883.0,241453.0,393225.0,274060.0,236379.0,251542.0,238601.0,247731.0,238519.0,259990.0,265236.0,255127.0,251525.0,269821.0,358512.0,233664.0,393755.0,323914.0,498459.0,381685.0,258155.0,314356.0,259354.0,266356.0,238725.0,287179.0,239747.0,341623.0,348034.0,357282.0,257753.0,412289.0,436939.0,379811.0,244743.0,436231.0,376432.0,287102.0,247568.0,338517.0,292776.0,236585.0,236785.0,416366.0,310426.0,236140.0,498459.0,302946.24305555556,69161.35954762345,0.22829581529070272
29,437559.0,394083.0,283328.0,241842.0,501989.0,301123.0,234359.0,237458.0,464015.0,285768.0,253810.0,273737.0,409546.0,313068.0,304313.0,298189.0,342549.0,265046.0,253348.0,250550.0,294547.0,234359.0,252616.0,240038.0,274936.0,263595.0,369103.0,425714.0,262084.0,235854.0,277665.0,464306.0,248016.0,236343.0,240757.0,442445.0,257211.0,247822.0,261723.0,381429.0,273587.0,280482.0,304616.0,340657.0,256268.0,277635.0,278356.0,305480.0,245187.0,242234.0,240883.0,305203.0,253542.0,254976.0,237349.0,345364.0,249381.0,325298.0,288651.0,379790.0,240169.0,411570.0,343200.0,267793.0,262572.0,256399.0,250207.0,381435.0,346002.0,442270.0,242990.0,401822.0,452117.0,433183.0,289322.0,231574.0,423004.0,241122.0,233604.0,240389.0,241005.0,238366.0,240553.0,239664.0,372861.0,350131.0,251869.0,244511.0,365272.0,292218.0,239714.0,240368.0,397564.0,287386.0,250672.0,250363.0,324064.0,379358.0,254864.0,246120.0,385357.0,254062.0,237960.0,249670.0,241004.0,246395.0,235420.0,253539.0,274521.0,250915.0,241602.0,251084.0,467395.0,241004.0,374801.0,315656.0,468836.0,476313.0,284460.0,287317.0,258455.0,261682.0,236682.0,268397.0,239823.0,362852.0,379266.0,308564.0,243209.0,409340.0,445317.0,389920.0,240967.0,420708.0,350447.0,295025.0,241272.0,243062.0,272607.0,235435.0,245894.0,445561.0,284920.0,236921.0,501989.0,301336.7083333333,71743.33469339726,0.23808362111009743
30,496045.0,356534.0,278003.0,238505.0,482882.0,277679.0,239150.0,239981.0,396967.0,276866.0,246798.0,271418.0,365445.0,300360.0,303390.0,293322.0,305620.0,256623.0,248913.0,247122.0,270865.0,231396.0,252045.0,242279.0,295719.0,260082.0,417476.0,334243.0,262891.0,229327.0,323634.0,428834.0,249800.0,234540.0,265291.0,464975.0,255413.0,248195.0,281360.0,429096.0,272237.0,273354.0,301347.0,375891.0,254098.0,274476.0,286802.0,327706.0,247383.0,246486.0,244621.0,329116.0,251527.0,295553.0,237547.0,364184.0,245818.0,320345.0,285770.0,352978.0,231900.0,419752.0,367142.0,250320.0,249292.0,251265.0,258999.0,373100.0,318455.0,432721.0,248934.0,417184.0,486206.0,346254.0,243959.0,233415.0,333471.0,232399.0,237419.0,243256.0,234008.0,242691.0,246911.0,237552.0,371325.0,327659.0,249205.0,243458.0,336773.0,297259.0,231761.0,238522.0,395234.0,276736.0,237495.0,247251.0,303162.0,358259.0,271391.0,239194.0,371541.0,274430.0,231838.0,238989.0,241427.0,241246.0,235568.0,265932.0,309832.0,259596.0,238663.0,273999.0,495795.0,293166.0,367268.0,299203.0,406216.0,501817.0,425796.0,240388.0,255552.0,247989.0,240600.0,257166.0,237607.0,324011.0,352240.0,266903.0,269203.0,441550.0,434918.0,389947.0,232755.0,436754.0,314327.0,322671.0,239291.0,245334.0,258259.0,234328.0,285424.0,435724.0,269761.0,233637.0,501817.0,299210.2291666667,70721.6675682565,0.23636112898019596
31,486798.0,336922.0,263349.0,233443.0,403343.0,256132.0,229606.0,235135.0,335904.0,263871.0,241707.0,274106.0,343562.0,284995.0,291096.0,284476.0,278398.0,244521.0,241721.0,244108.0,254460.0,228010.0,245634.0,234163.0,308446.0,271651.0,453619.0,263580.0,234665.0,236935.0,371364.0,346993.0,243435.0,236752.0,294067.0,435263.0,249913.0,247187.0,312881.0,437549.0,271174.0,278086.0,310352.0,416806.0,250760.0,267761.0,282164.0,364038.0,245941.0,242712.0,242356.0,362681.0,251962.0,318109.0,239330.0,391329.0,241765.0,337398.0,261094.0,336637.0,231948.0,397654.0,376452.0,237466.0,244920.0,245120.0,266473.0,386651.0,302397.0,397576.0,275842.0,374420.0,456762.0,258891.0,227008.0,247530.0,260580.0,230797.0,234746.0,248556.0,244017.0,236703.0,275426.0,230822.0,351211.0,337287.0,237165.0,233591.0,341979.0,303195.0,231988.0,232297.0,383956.0,301415.0,242911.0,245435.0,324174.0,357150.0,243714.0,229578.0,355301.0,309521.0,223762.0,239532.0,238919.0,232388.0,230021.0,290175.0,392394.0,252984.0,235567.0,287450.0,480156.0,408755.0,242078.0,310640.0,378757.0,455706.0,493131.0,316265.0,256766.0,247496.0,231984.0,252501.0,236241.0,331925.0,350346.0,243858.0,268911.0,423581.0,434849.0,363396.0,232440.0,427545.0,295974.0,355654.0,243165.0,258321.0,245265.0,235573.0,364562.0,414681.0,254004.0,234816.0,493131.0,296217.875,69001.2939464901,0.23294102000593347
32,436504.0,298896.0,254648.0,228275.0,352621.0,242154.0,225569.0,233150.0,311494.0,257638.0,234841.0,268363.0,319905.0,277549.0,283831.0,276882.0,258920.0,237865.0,233949.0,237246.0,241788.0,242864.0,240440.0,227766.0,288677.0,288461.0,443370.0,242677.0,245403.0,238575.0,433576.0,260825.0,240837.0,238879.0,353849.0,376421.0,249487.0,246830.0,332841.0,417577.0,265244.0,277385.0,318435.0,438325.0,246841.0,274243.0,291754.0,403561.0,239342.0,241761.0,245406.0,398636.0,245552.0,331703.0,240983.0,399145.0,237552.0,335497.0,244260.0,310644.0,236218.0,379138.0,378632.0,226014.0,231680.0,238550.0,278337.0,377408.0,285419.0,379392.0,326288.0,380303.0,383173.0,231552.0,239565.0,286211.0,235658.0,249106.0,227528.0,254840.0,315864.0,231375.0,286451.0,225873.0,372033.0,332770.0,238680.0,223563.0,343407.0,324244.0,226987.0,234998.0,378073.0,280815.0,236866.0,241809.0,330559.0,352848.0,242713.0,224570.0,371535.0,275445.0,228430.0,229799.0,239886.0,230877.0,227492.0,259789.0,445755.0,230245.0,226119.0,259361.0,436137.0,470388.0,274148.0,307787.0,347079.0,402157.0,474653.0,434054.0,250070.0,270763.0,228338.0,246188.0,232549.0,345304.0,356389.0,234980.0,262148.0,394875.0,417301.0,325400.0,226567.0,413498.0,262999.0,390209.0,222314.0,296120.0,238066.0,238601.0,436679.0,383587.0,244337.0,226687.0,474653.0,293696.71527777775,69038.50531835509,0.23506733894881532
33,389751.0,289848.0,259340.0,229161.0,308954.0,238935.0,228239.0,231636.0,283977.0,256402.0,229171.0,270900.0,311459.0,262810.0,283268.0,280632.0,254368.0,226182.0,228930.0,230684.0,234942.0,263418.0,239702.0,236290.0,268048.0,318094.0,404289.0,230554.0,238611.0,250358.0,446736.0,230169.0,242107.0,255914.0,413860.0,290422.0,251473.0,253547.0,363718.0,363347.0,267739.0,284016.0,333689.0,432157.0,249361.0,271626.0,298406.0,452422.0,237933.0,240674.0,253925.0,427073.0,249286.0,289338.0,247395.0,367844.0,233174.0,326288.0,239123.0,278649.0,240355.0,414156.0,375428.0,233392.0,232984.0,232796.0,289277.0,390695.0,273387.0,345222.0,360167.0,381668.0,298620.0,225102.0,245968.0,310415.0,225669.0,242456.0,236783.0,273603.0,311635.0,238108.0,289353.0,229579.0,368911.0,317918.0,253455.0,230664.0,347216.0,296973.0,230296.0,227911.0,358858.0,290346.0,238572.0,241647.0,307095.0,349782.0,248206.0,224186.0,359029.0,262977.0,225232.0,230846.0,266848.0,232133.0,227732.0,255825.0,479621.0,270925.0,228017.0,254779.0,395115.0,477246.0,395608.0,229723.0,322628.0,372648.0,421489.0,493725.0,256505.0,266203.0,228345.0,241777.0,229839.0,326809.0,356917.0,227278.0,253064.0,422835.0,434972.0,283339.0,232991.0,417463.0,248124.0,414233.0,230850.0,328481.0,230758.0,251744.0,470017.0,340171.0,242596.0,232837.0,493725.0,292149.3888888889,69450.55251901159,0.23772273761430057
34,353090.0,277712.0,249852.0,230502.0,288194.0,233199.0,232330.0,230301.0,275076.0,254668.0,228252.0,272444.0,292210.0,250532.0,269720.0,277141.0,241313.0,229302.0,234363.0,230877.0,229321.0,272455.0,237592.0,234597.0,234948.0,359040.0,342584.0,226521.0,234953.0,278689.0,414013.0,229496.0,241351.0,269323.0,443668.0,247174.0,254217.0,270231.0,406291.0,293899.0,268909.0,279718.0,355949.0,395673.0,252834.0,267813.0,307805.0,464012.0,238704.0,243116.0,255931.0,441713.0,248361.0,287312.0,252175.0,349460.0,231364.0,312962.0,236140.0,260339.0,247924.0,408662.0,362281.0,248895.0,223760.0,230469.0,302775.0,399060.0,272050.0,322419.0,385061.0,379616.0,248693.0,231342.0,236515.0,299652.0,227022.0,299547.0,238207.0,272390.0,329451.0,244244.0,300777.0,228689.0,380540.0,293145.0,234047.0,227597.0,333838.0,291879.0,228820.0,229275.0,376545.0,268565.0,234523.0,240321.0,301861.0,344760.0,230136.0,227286.0,358499.0,265976.0,225238.0,230115.0,339374.0,240005.0,228501.0,238266.0,467790.0,379320.0,230311.0,261283.0,347088.0,442716.0,476076.0,298125.0,304983.0,350268.0,366469.0,473932.0,256599.0,242062.0,226918.0,239955.0,229691.0,295465.0,353913.0,228194.0,230372.0,412592.0,420594.0,256894.0,228198.0,418319.0,266052.0,414829.0,264621.0,348683.0,232967.0,284792.0,464661.0,297932.0,240244.0,230002.0,476076.0,290369.81944444444,68022.71830687369,0.23426235700741713
35,324354.0,265022.0,245918.0,231999.0,272311.0,232208.0,221431.0,230079.0,263177.0,250371.0,227184.0,267935.0,286968.0,241791.0,262937.0,286171.0,236201.0,219047.0,230230.0,230624.0,223894.0,264711.0,234406.0,225113.0,227827.0,421315.0,284239.0,227599.0,228167.0,318762.0,356461.0,231651.0,241578.0,293618.0,426361.0,234413.0,259267.0,275477.0,428230.0,246499.0,271064.0,283568.0,394864.0,352208.0,245391.0,276698.0,326729.0,444861.0,237276.0,244316.0,269352.0,425520.0,245599.0,254718.0,257722.0,326424.0,230085.0,332763.0,231939.0,242459.0,257218.0,372382.0,368400.0,276189.0,227638.0,228515.0,310553.0,368406.0,265689.0,307171.0,406869.0,365548.0,235864.0,224827.0,257377.0,347111.0,225022.0,263250.0,253095.0,270104.0,360798.0,233247.0,263877.0,233417.0,370529.0,327873.0,240589.0,223465.0,348708.0,281331.0,226187.0,227902.0,365148.0,269441.0,233897.0,237316.0,302958.0,360364.0,236135.0,228064.0,313587.0,247665.0,222601.0,228421.0,424948.0,226541.0,226758.0,239823.0,422849.0,445078.0,289990.0,266803.0,339068.0,396072.0,474125.0,416337.0,290066.0,328429.0,328069.0,427773.0,248523.0,241082.0,227421.0,235045.0,229495.0,323454.0,361629.0,227537.0,233198.0,395765.0,418077.0,242228.0,226429.0,391345.0,308453.0,407643.0,340053.0,340725.0,237660.0,321094.0,411186.0,275947.0,237456.0,235087.0,474125.0,289188.2708333333,66403.67759887864,0.2296209227557116
36,322399.0,303075.0,284560.0,283450.0,273949.0,249582.0,260180.0,250673.0,269038.0,257111.0,243706.0,285732.0,292533.0,253495.0,290335.0,316937.0,243654.0,245770.0,252845.0,250053.0,252596.0,246077.0,248289.0,250401.0,250610.0,446670.0,259092.0,249030.0,250629.0,385011.0,295307.0,258454.0,259905.0,328666.0,380896.0,239926.0,287243.0,295290.0,434961.0,246257.0,283350.0,292853.0,419357.0,301606.0,261969.0,284889.0,341842.0,421035.0,255039.0,275072.0,292280.0,401251.0,271386.0,255896.0,280274.0,310180.0,268006.0,247155.0,245333.0,249017.0,250924.0,373399.0,247931.0,297437.0,255975.0,249949.0,320006.0,322994.0,273186.0,308186.0,425560.0,362550.0,245035.0,247574.0,307357.0,364810.0,257436.0,317861.0,259518.0,277292.0,360180.0,271217.0,301091.0,256802.0,368089.0,326217.0,273560.0,252857.0,346609.0,312250.0,253609.0,250107.0,382644.0,278239.0,251674.0,251371.0,318520.0,361220.0,253547.0,252694.0,253145.0,261585.0,247472.0,249446.0,478344.0,270557.0,242453.0,260573.0,383458.0,472035.0,410667.0,248900.0,324855.0,364640.0,422039.0,473751.0,295823.0,317856.0,304669.0,375422.0,263618.0,272728.0,245512.0,246524.0,244014.0,304490.0,341050.0,247594.0,245836.0,424830.0,418590.0,249458.0,245614.0,413886.0,371512.0,373462.0,414670.0,347103.0,278529.0,373357.0,382807.0,298518.0,285369.0,290993.0,478344.0,301232.0,60189.22111650151,0.19981018323584981
37,296677.0,254459.0,249427.0,246956.0,255084.0,234679.0,229800.0,235861.0,260230.0,251393.0,233084.0,268495.0,266546.0,230776.0,258459.0,303052.0,234164.0,234569.0,236387.0,243551.0,240733.0,261625.0,234922.0,232719.0,263765.0,440457.0,246178.0,234471.0,233336.0,428434.0,244190.0,274458.0,252448.0,379681.0,321430.0,231468.0,269169.0,315140.0,404963.0,229858.0,276256.0,294948.0,446266.0,268050.0,256797.0,278318.0,387162.0,364889.0,243680.0,251234.0,313723.0,367180.0,252206.0,233781.0,274603.0,279458.0,238365.0,278625.0,237822.0,231732.0,250468.0,389039.0,253576.0,287729.0,238155.0,233932.0,306450.0,236484.0,253536.0,293629.0,404142.0,237061.0,231394.0,243401.0,317155.0,347412.0,264134.0,314531.0,265938.0,276540.0,365916.0,250147.0,286678.0,235144.0,384660.0,317909.0,237263.0,233600.0,346664.0,292168.0,231110.0,236576.0,378202.0,265538.0,235475.0,245476.0,318870.0,344286.0,234689.0,228162.0,265353.0,244767.0,231609.0,245961.0,475617.0,358672.0,238339.0,243169.0,365335.0,449079.0,481913.0,260943.0,317736.0,341110.0,364791.0,468726.0,272539.0,300209.0,285351.0,327386.0,258950.0,248548.0,232242.0,235229.0,231887.0,320349.0,343895.0,222812.0,233750.0,421146.0,426047.0,237569.0,244589.0,412357.0,405014.0,312698.0,456227.0,329090.0,269758.0,407604.0,335528.0,257515.0,248575.0,269631.0,481913.0,289937.7986111111,65260.85797531871,0.22508571937821753
38,284133.0,249627.0,249117.0,250520.0,252871.0,233414.0,230655.0,238765.0,250983.0,251998.0,232443.0,273103.0,268366.0,234085.0,258505.0,300351.0,232160.0,232998.0,231509.0,243038.0,240185.0,270072.0,238027.0,230329.0,298630.0,416475.0,238680.0,245198.0,247939.0,433389.0,227880.0,300005.0,253821.0,420386.0,260335.0,230004.0,276220.0,355585.0,356496.0,229045.0,275410.0,320332.0,427650.0,255645.0,259542.0,284346.0,433293.0,302044.0,244735.0,254381.0,347236.0,319981.0,250707.0,240133.0,294240.0,254353.0,237630.0,275409.0,237517.0,232049.0,253783.0,370944.0,244274.0,255190.0,251743.0,233149.0,296096.0,238486.0,252644.0,283057.0,371744.0,261854.0,228945.0,246813.0,319666.0,371867.0,262282.0,304285.0,244196.0,265185.0,372250.0,258290.0,280561.0,239293.0,370386.0,310578.0,242052.0,232822.0,361458.0,274316.0,235198.0,231788.0,370810.0,263545.0,242826.0,244007.0,298551.0,356909.0,240797.0,234088.0,364301.0,238119.0,227047.0,235463.0,424701.0,440146.0,272428.0,238589.0,345608.0,397273.0,496591.0,352214.0,308120.0,333280.0,329245.0,436612.0,268253.0,301670.0,272758.0,289289.0,256131.0,252138.0,231883.0,235521.0,234061.0,322223.0,345866.0,226589.0,250415.0,375951.0,438321.0,237650.0,231906.0,410004.0,391035.0,270452.0,465129.0,309887.0,284513.0,434751.0,305272.0,243919.0,249652.0,283054.0,496591.0,288810.6458333333,63482.474846788835,0.21980656102068782
39,275005.0,247142.0,246425.0,258656.0,249197.0,229718.0,230639.0,240083.0,248340.0,245571.0,235709.0,274406.0,256955.0,230914.0,257703.0,310128.0,229826.0,231631.0,231152.0,242386.0,251473.0,275749.0,238728.0,228896.0,347984.0,359133.0,238940.0,240991.0,268519.0,407478.0,230466.0,327737.0,267937.0,427059.0,238674.0,226447.0,284124.0,404440.0,297428.0,228340.0,275282.0,353395.0,404785.0,253393.0,255340.0,295230.0,434724.0,274957.0,245920.0,255743.0,386570.0,275362.0,255664.0,233419.0,302019.0,242443.0,237760.0,302701.0,251353.0,255014.0,255827.0,390625.0,245525.0,235110.0,249048.0,235817.0,278871.0,253155.0,245732.0,282179.0,339900.0,311331.0,232470.0,261540.0,320883.0,351072.0,292448.0,296253.0,258854.0,253630.0,361354.0,243547.0,263799.0,239498.0,375811.0,334667.0,256913.0,227881.0,353983.0,284301.0,231200.0,231869.0,359225.0,262198.0,240601.0,244435.0,246025.0,345111.0,237224.0,226669.0,441968.0,241080.0,232293.0,237099.0,381178.0,470980.0,380481.0,241204.0,335136.0,374573.0,439801.0,440164.0,300419.0,324853.0,307312.0,380409.0,256752.0,298454.0,269893.0,275063.0,254433.0,248628.0,230194.0,236272.0,233107.0,325284.0,331530.0,230839.0,234157.0,391504.0,412638.0,240791.0,274799.0,381205.0,386344.0,256642.0,435647.0,282861.0,297922.0,424763.0,281005.0,239749.0,255236.0,306852.0,470980.0,288411.7916666667,61736.33942317332,0.21405622518556866
40,265192.0,241807.0,247841.0,262067.0,242361.0,234108.0,234619.0,240556.0,243948.0,244992.0,234044.0,267643.0,255121.0,232506.0,260231.0,306897.0,230681.0,239745.0,229267.0,247208.0,269960.0,266011.0,239192.0,233160.0,401289.0,302050.0,231752.0,244445.0,317186.0,363885.0,241534.0,333895.0,280719.0,402588.0,240331.0,227392.0,290687.0,438298.0,255139.0,226603.0,286869.0,393191.0,361724.0,248081.0,262741.0,312469.0,427412.0,266911.0,244833.0,268069.0,401765.0,257038.0,253205.0,232302.0,310264.0,237738.0,235703.0,282391.0,259351.0,259724.0,266013.0,422530.0,242993.0,232809.0,283297.0,233243.0,267742.0,282152.0,240543.0,278250.0,314769.0,357381.0,228997.0,250031.0,317612.0,345256.0,284967.0,307480.0,258583.0,262537.0,343111.0,239123.0,285805.0,235510.0,375511.0,314863.0,242428.0,239491.0,343609.0,271638.0,235670.0,233707.0,364799.0,267952.0,232608.0,240800.0,242743.0,335084.0,240976.0,233137.0,471130.0,317132.0,233680.0,233477.0,354389.0,446943.0,474410.0,249259.0,326325.0,348009.0,392366.0,472241.0,294147.0,322290.0,294823.0,322232.0,254751.0,289494.0,265013.0,256925.0,256539.0,243786.0,231531.0,233300.0,230731.0,312032.0,338404.0,225246.0,251384.0,392703.0,413296.0,235054.0,340048.0,344771.0,415127.0,246549.0,383778.0,259791.0,310699.0,392699.0,263220.0,235532.0,261791.0,341220.0,474410.0,288491.30555555556,61669.152856670684,0.21376433767358333
41,257573.0,240311.0,247486.0,280736.0,239782.0,228968.0,238703.0,244826.0,241108.0,245363.0,234255.0,268523.0,247115.0,224492.0,268457.0,313247.0,229538.0,239336.0,234781.0,245931.0,293568.0,269632.0,239394.0,235832.0,432440.0,269139.0,229770.0,236988.0,382429.0,295929.0,254252.0,343121.0,319161.0,369700.0,230074.0,230474.0,313404.0,442116.0,244834.0,231865.0,291652.0,431904.0,304450.0,243663.0,267286.0,350824.0,389217.0,257716.0,248825.0,281738.0,398994.0,245563.0,254703.0,230376.0,320075.0,228925.0,237706.0,285697.0,278979.0,296773.0,273899.0,385878.0,240127.0,239930.0,292846.0,226836.0,264158.0,312112.0,235199.0,276683.0,303732.0,393588.0,228268.0,270828.0,327134.0,352461.0,289326.0,314378.0,268584.0,259018.0,369452.0,247569.0,266047.0,238736.0,378550.0,326006.0,248626.0,232618.0,341451.0,261300.0,225245.0,230910.0,368424.0,256125.0,233118.0,241922.0,315584.0,339083.0,246536.0,242261.0,439238.0,423312.0,253647.0,236490.0,326361.0,409035.0,509345.0,329061.0,320525.0,338392.0,350378.0,446699.0,298280.0,311713.0,274089.0,282026.0,244448.0,283684.0,250713.0,243101.0,249027.0,255163.0,226976.0,232483.0,232183.0,301074.0,347072.0,234110.0,235854.0,381428.0,450721.0,235593.0,403088.0,275006.0,390882.0,246239.0,347565.0,244760.0,315793.0,339767.0,248097.0,233357.0,272541.0,389241.0,509345.0,289602.94444444444,62116.79917745657,0.21448952909169283
42,251169.0,238483.0,251137.0,303571.0,237944.0,227267.0,236187.0,246973.0,237463.0,243456.0,232284.0,273756.0,244568.0,226376.0,272213.0,315385.0,227262.0,241455.0,222469.0,248120.0,297168.0,262287.0,238355.0,233410.0,433919.0,255092.0,230841.0,260409.0,427833.0,251734.0,256689.0,369234.0,365152.0,309991.0,232812.0,227060.0,335282.0,424813.0,238655.0,232871.0,308260.0,467668.0,275000.0,241797.0,268249.0,401088.0,341661.0,256583.0,245929.0,301148.0,387675.0,239606.0,252140.0,230544.0,319689.0,234958.0,236680.0,263642.0,300120.0,303108.0,272931.0,412834.0,242563.0,244345.0,336312.0,231822.0,259186.0,336819.0,227614.0,269619.0,295074.0,421691.0,231671.0,250921.0,346603.0,372845.0,321744.0,337210.0,273723.0,256872.0,367810.0,255281.0,275532.0,235192.0,374532.0,326662.0,254125.0,230849.0,366985.0,272513.0,227646.0,230180.0,368541.0,252917.0,246115.0,241166.0,428002.0,229950.0,256037.0,231661.0,399167.0,468860.0,360315.0,245966.0,309534.0,367244.0,467584.0,427211.0,322504.0,326478.0,329580.0,411268.0,289732.0,310791.0,275671.0,258902.0,239301.0,277493.0,243653.0,238847.0,251656.0,261084.0,226768.0,232641.0,229138.0,324934.0,371923.0,228575.0,219800.0,375291.0,410767.0,232051.0,425008.0,255245.0,411854.0,238517.0,307443.0,238813.0,316605.0,285634.0,243498.0,230398.0,281054.0,433154.0,468860.0,291338.4513888889,65974.21078459684,0.2264521228491468
43,251072.0,235670.0,250373.0,350538.0,235076.0,229578.0,229506.0,271787.0,236554.0,243287.0,237631.0,279548.0,244400.0,228522.0,276974.0,321117.0,231065.0,263588.0,232000.0,252447.0,291661.0,254172.0,237018.0,236208.0,397877.0,248910.0,225294.0,251113.0,448565.0,235847.0,287666.0,385115.0,429832.0,267340.0,229814.0,232920.0,380632.0,370695.0,235081.0,234506.0,328889.0,470995.0,261208.0,241864.0,284462.0,450944.0,292021.0,255277.0,251248.0,325431.0,358026.0,240771.0,251805.0,234796.0,316231.0,242142.0,235660.0,275293.0,330545.0,263288.0,256868.0,418828.0,241315.0,267110.0,349656.0,241121.0,253100.0,368320.0,229480.0,258938.0,277942.0,421682.0,242314.0,267359.0,364053.0,386868.0,307948.0,339631.0,270458.0,267297.0,381956.0,247013.0,293582.0,245896.0,406882.0,319058.0,249862.0,232088.0,383186.0,273600.0,230944.0,230786.0,241109.0,256296.0,240314.0,241296.0,470780.0,297493.0,237932.0,229839.0,344502.0,474376.0,468999.0,239463.0,302764.0,338592.0,415727.0,467122.0,315684.0,326894.0,307425.0,355722.0,279577.0,304463.0,257622.0,247746.0,235647.0,282366.0,242688.0,232239.0,251178.0,274282.0,234237.0,233328.0,231718.0,329375.0,371454.0,236290.0,242277.0,416983.0,411775.0,237945.0,445920.0,232177.0,410614.0,239435.0,282543.0,235350.0,303667.0,247361.0,240911.0,235305.0,306103.0,449840.0,474376.0,292859.59027777775,69374.42710658482,0.23688630801123184
44,241438.0,236955.0,270818.0,410383.0,232213.0,225808.0,235037.0,311963.0,233415.0,239734.0,235035.0,305182.0,241680.0,235497.0,277243.0,329898.0,229008.0,265805.0,227963.0,256309.0,299035.0,258339.0,236862.0,236346.0,339298.0,242160.0,230296.0,257021.0,431598.0,227338.0,313591.0,372171.0,450403.0,240377.0,255658.0,232913.0,436098.0,309628.0,231638.0,244384.0,372136.0,448755.0,255831.0,240168.0,302734.0,466324.0,255936.0,255125.0,256783.0,357549.0,322211.0,237043.0,259951.0,241075.0,314815.0,259887.0,236358.0,277996.0,363073.0,255697.0,269472.0,409952.0,265746.0,296021.0,371323.0,251544.0,249200.0,404767.0,239400.0,257134.0,281830.0,397791.0,234237.0,277033.0,369630.0,379681.0,338578.0,361018.0,299593.0,259624.0,390686.0,262004.0,295897.0,239750.0,386986.0,342985.0,258060.0,239607.0,278479.0,294268.0,236563.0,227315.0,362493.0,259530.0,246293.0,240045.0,461661.0,435253.0,245260.0,232800.0,307445.0,419981.0,514989.0,303685.0,303410.0,317687.0,357889.0,459687.0,315365.0,319998.0,294673.0,315556.0,277398.0,300415.0,251325.0,236818.0,229890.0,274132.0,235873.0,231708.0,253676.0,269370.0,232881.0,230621.0,230821.0,327614.0,363419.0,229441.0,293020.0,402849.0,455621.0,233641.0,430745.0,239675.0,404750.0,236879.0,262506.0,233321.0,288356.0,235368.0,237043.0,231498.0,345522.0,431880.0,514989.0,295721.7708333333,69438.47917608623,0.23481016964158943
45,305976.0,297260.0,321618.0,476875.0,253598.0,253230.0,262238.0,387356.0,254574.0,255978.0,253478.0,345614.0,259670.0,254948.0,294210.0,348353.0,258674.0,268720.0,261088.0,287956.0,291928.0,273391.0,254785.0,254635.0,285360.0,254791.0,262968.0,282432.0,371719.0,255642.0,346702.0,381210.0,444736.0,252076.0,273808.0,257919.0,472932.0,287952.0,260156.0,270103.0,438186.0,388043.0,267353.0,255883.0,347199.0,467840.0,258748.0,269232.0,276585.0,388149.0,288306.0,253285.0,287535.0,278728.0,315202.0,321519.0,264043.0,261432.0,269466.0,263025.0,261083.0,414163.0,262220.0,321447.0,250739.0,267946.0,264343.0,406071.0,255442.0,293625.0,299868.0,363565.0,266867.0,325799.0,362740.0,382666.0,331694.0,372175.0,323518.0,329619.0,404474.0,308239.0,332385.0,271407.0,413411.0,346506.0,287426.0,260814.0,256291.0,329584.0,260871.0,258416.0,479737.0,257278.0,269395.0,255031.0,426881.0,490165.0,370360.0,260842.0,296736.0,375382.0,470414.0,442834.0,307220.0,324440.0,332917.0,416784.0,317539.0,320474.0,301630.0,295365.0,279064.0,305265.0,258724.0,256543.0,263338.0,289779.0,257223.0,255196.0,261863.0,317126.0,261363.0,257581.0,254197.0,340067.0,351759.0,255439.0,364689.0,416187.0,429513.0,260912.0,395608.0,273695.0,421815.0,255274.0,296230.0,259269.0,281479.0,255593.0,295340.0,290997.0,388720.0,375606.0,490165.0,311935.4861111111,62948.90573799451,0.20180104073049313
46,250833.0,254725.0,330902.0,489997.0,241599.0,238884.0,243489.0,460338.0,237957.0,245609.0,247446.0,394670.0,244908.0,235508.0,289554.0,363289.0,232844.0,242973.0,237566.0,287898.0,322168.0,300442.0,244168.0,254812.0,243315.0,243350.0,233410.0,250464.0,292319.0,256414.0,353849.0,396496.0,397562.0,239014.0,254291.0,238666.0,465711.0,259782.0,242778.0,240392.0,492503.0,322359.0,254269.0,245181.0,398303.0,419206.0,240392.0,257791.0,290268.0,418051.0,255884.0,241154.0,269910.0,259725.0,296026.0,282697.0,243889.0,274274.0,305560.0,240095.0,275193.0,442553.0,249854.0,358403.0,324344.0,256535.0,248530.0,380418.0,245511.0,255029.0,276795.0,322557.0,246537.0,307296.0,354532.0,402196.0,338934.0,358800.0,293226.0,294047.0,424527.0,270219.0,332228.0,253758.0,414737.0,343968.0,268160.0,238560.0,327300.0,305239.0,237216.0,238079.0,501166.0,367438.0,237866.0,244701.0,376704.0,482403.0,494406.0,276521.0,256155.0,337694.0,404225.0,500811.0,296429.0,299843.0,289829.0,356831.0,310875.0,301415.0,283932.0,258890.0,256957.0,283019.0,242096.0,237588.0,240804.0,257418.0,236722.0,234486.0,257019.0,280768.0,236470.0,234411.0,267187.0,348535.0,355533.0,247129.0,387167.0,431120.0,439201.0,241242.0,360314.0,238742.0,437394.0,239403.0,250486.0,244704.0,252871.0,237130.0,239847.0,249350.0,417692.0,305544.0,501166.0,301803.4236111111,72834.15962732848,0.24132979923110134
47,249458.0,259242.0,373477.0,444858.0,237917.0,235980.0,269081.0,475677.0,236415.0,244547.0,256557.0,467368.0,240148.0,236708.0,288312.0,403792.0,233923.0,244668.0,238064.0,311077.0,334020.0,291513.0,244638.0,272537.0,235971.0,239530.0,237939.0,252875.0,248639.0,243247.0,381263.0,401389.0,318213.0,237854.0,248007.0,238628.0,418152.0,252766.0,235355.0,241735.0,486134.0,289896.0,253239.0,242028.0,464583.0,346768.0,235043.0,255680.0,308695.0,423925.0,239707.0,237964.0,269139.0,269965.0,285905.0,293818.0,240924.0,287384.0,297557.0,251821.0,263718.0,419817.0,250597.0,386895.0,359947.0,274028.0,243851.0,336524.0,258623.0,250191.0,267187.0,297291.0,252729.0,322759.0,383697.0,400920.0,359611.0,396514.0,315034.0,308025.0,418411.0,263726.0,356768.0,245322.0,270611.0,362818.0,269893.0,236967.0,444399.0,240854.0,235588.0,241417.0,471086.0,483402.0,291129.0,243452.0,328893.0,415677.0,512285.0,418662.0,252029.0,316701.0,358957.0,472200.0,295263.0,294182.0,289478.0,318869.0,311820.0,298561.0,269345.0,246301.0,255883.0,268987.0,238081.0,235428.0,237685.0,253031.0,238616.0,244767.0,255759.0,283511.0,234144.0,233622.0,325091.0,364155.0,378436.0,233964.0,413008.0,417268.0,450309.0,237664.0,326643.0,242222.0,426849.0,237515.0,242734.0,251178.0,239884.0,234577.0,237093.0,260343.0,431671.0,263832.0,512285.0,302213.11805555556,74530.31858966082,0.2466151008572698
48,249104.0,268104.0,426174.0,352925.0,236265.0,231748.0,298799.0,450848.0,233454.0,243749.0,277894.0,490608.0,240332.0,234978.0,298624.0,452560.0,246162.0,247865.0,241297.0,358873.0,329787.0,304051.0,244131.0,294467.0,238504.0,235935.0,248985.0,255023.0,235615.0,238913.0,389592.0,393179.0,269884.0,234367.0,247640.0,243619.0,330544.0,244281.0,237050.0,239993.0,460205.0,280775.0,250053.0,240557.0,495611.0,283492.0,235229.0,259466.0,353773.0,402707.0,240792.0,236083.0,281161.0,282901.0,273248.0,256511.0,241257.0,246290.0,264502.0,278234.0,259062.0,432023.0,249369.0,396634.0,359719.0,302890.0,240665.0,303051.0,254403.0,242020.0,271997.0,274989.0,242054.0,330603.0,374236.0,400351.0,354186.0,382132.0,306886.0,303947.0,417818.0,247068.0,332354.0,245782.0,248945.0,348491.0,247363.0,250507.0,488111.0,273388.0,250259.0,236695.0,399653.0,494499.0,427460.0,263442.0,294372.0,363928.0,462232.0,524832.0,241612.0,292984.0,309535.0,417731.0,288882.0,283395.0,283113.0,285980.0,297347.0,286432.0,266626.0,240197.0,250067.0,269032.0,236798.0,241362.0,247467.0,244890.0,242150.0,254321.0,272616.0,298176.0,238582.0,232337.0,378095.0,356153.0,366344.0,245518.0,410604.0,435714.0,462137.0,236380.0,297297.0,249700.0,434917.0,236203.0,240648.0,264141.0,253281.0,251135.0,235009.0,283643.0,412920.0,247661.0,524832.0,300807.7638888889,74297.98487883343,0.24699490438111601
49,246164.0,284529.0,460338.0,283886.0,234295.0,233014.0,370836.0,363598.0,234076.0,243481.0,308606.0,470394.0,235551.0,233961.0,303270.0,466339.0,232875.0,233911.0,244478.0,419238.0,318330.0,308649.0,246077.0,342821.0,228962.0,234409.0,239855.0,245541.0,228995.0,245976.0,360889.0,389844.0,249468.0,230528.0,265028.0,236548.0,278693.0,240985.0,229085.0,239845.0,373628.0,270992.0,246557.0,238703.0,479043.0,258062.0,232290.0,255094.0,403302.0,377121.0,237233.0,233838.0,288872.0,289059.0,265072.0,291636.0,238453.0,268778.0,288858.0,320173.0,289481.0,422372.0,260956.0,379327.0,351187.0,336998.0,235536.0,277188.0,295246.0,235983.0,266303.0,265885.0,242163.0,315406.0,343618.0,400170.0,324777.0,388126.0,321631.0,320396.0,410433.0,262160.0,322265.0,247998.0,325196.0,323168.0,252039.0,236859.0,469265.0,382206.0,235497.0,232112.0,347797.0,463347.0,494775.0,358486.0,268735.0,323433.0,387223.0,505028.0,232604.0,290394.0,284086.0,381392.0,274719.0,278882.0,271681.0,267731.0,293469.0,284560.0,257239.0,234638.0,246394.0,256061.0,238658.0,233726.0,242263.0,237546.0,234201.0,243863.0,319125.0,288918.0,237810.0,231693.0,403132.0,337378.0,341672.0,235689.0,385909.0,410975.0,443545.0,234194.0,278489.0,245126.0,435690.0,235042.0,234368.0,268091.0,243381.0,235398.0,234515.0,311900.0,375620.0,239020.0,505028.0,298136.7361111111,70811.02582352809,0.2375119106326363
50,247921.0,300900.0,452405.0,258357.0,232308.0,235164.0,432842.0,271419.0,232088.0,247158.0,360398.0,406352.0,233942.0,230835.0,324525.0,461970.0,225935.0,231196.0,255372.0,469722.0,328895.0,315542.0,249329.0,406860.0,225017.0,232254.0,228870.0,254694.0,225872.0,244171.0,386560.0,384980.0,239359.0,227210.0,276822.0,226008.0,252945.0,236949.0,228713.0,235885.0,308317.0,261300.0,246645.0,237141.0,407298.0,247042.0,227785.0,251005.0,453314.0,333264.0,247284.0,232441.0,302385.0,298594.0,249867.0,249335.0,240164.0,268956.0,259266.0,375228.0,274673.0,400452.0,279726.0,348142.0,363308.0,388137.0,235885.0,252608.0,324211.0,233292.0,257725.0,246982.0,228629.0,336587.0,362136.0,404821.0,353209.0,369007.0,309788.0,290873.0,303712.0,275180.0,352100.0,229394.0,420531.0,231030.0,255598.0,231515.0,416976.0,456263.0,302104.0,236460.0,301304.0,401832.0,479638.0,453475.0,251452.0,294368.0,340933.0,454691.0,229279.0,276220.0,276125.0,340975.0,275728.0,269246.0,265333.0,251100.0,287772.0,269941.0,251814.0,231081.0,239923.0,246988.0,221322.0,226771.0,228054.0,231974.0,228299.0,227691.0,382328.0,293979.0,228154.0,231515.0,419820.0,367035.0,368006.0,225189.0,375002.0,409552.0,419944.0,232977.0,257935.0,267785.0,401773.0,233631.0,230866.0,276201.0,302120.0,223988.0,231522.0,342630.0,325520.0,236075.0,479638.0,295293.78472222225,71621.77230813143,0.24254412389852634
51,252378.0,332733.0,413481.0,248591.0,234209.0,250444.0,446385.0,238699.0,234175.0,247432.0,427820.0,331410.0,238263.0,238212.0,359983.0,431050.0,229907.0,242089.0,264671.0,453611.0,323652.0,289525.0,260010.0,455753.0,224491.0,234826.0,235044.0,249655.0,224714.0,248530.0,383071.0,392902.0,238245.0,225638.0,272552.0,225958.0,249336.0,238082.0,230407.0,231344.0,277648.0,261391.0,244731.0,238581.0,312625.0,240857.0,226289.0,252639.0,465384.0,294927.0,248912.0,235485.0,326283.0,310314.0,248788.0,225906.0,240489.0,255420.0,238179.0,413732.0,266519.0,397686.0,272825.0,316534.0,369640.0,401021.0,232166.0,243404.0,305510.0,232272.0,251330.0,238424.0,231520.0,298941.0,372699.0,403236.0,371990.0,369350.0,284126.0,297946.0,238190.0,261228.0,352990.0,225940.0,468613.0,261170.0,241351.0,231405.0,365161.0,463048.0,414328.0,243647.0,276098.0,348923.0,436957.0,516589.0,242452.0,273523.0,296153.0,397002.0,225764.0,265153.0,269405.0,300891.0,272089.0,256066.0,258810.0,243340.0,280558.0,261400.0,243513.0,231944.0,241186.0,243344.0,222456.0,226426.0,228597.0,235760.0,227757.0,226780.0,421533.0,285373.0,227713.0,232178.0,419647.0,374559.0,375574.0,223383.0,342626.0,369788.0,455679.0,235535.0,245201.0,281740.0,402228.0,235051.0,235433.0,280490.0,332099.0,224937.0,238981.0,378711.0,277796.0,236310.0,516589.0,292455.34027777775,73011.68941998671,0.24965073077701125
52,252998.0,379526.0,358344.0,247909.0,231175.0,270960.0,411558.0,229022.0,231946.0,252885.0,459566.0,275967.0,234614.0,241878.0,407952.0,375763.0,228256.0,218910.0,304009.0,429553.0,343360.0,289213.0,279066.0,448301.0,231606.0,232047.0,230573.0,244365.0,225720.0,252640.0,380018.0,387856.0,230544.0,226455.0,263849.0,221845.0,247047.0,231793.0,226866.0,232067.0,265270.0,257251.0,242378.0,236361.0,259824.0,236586.0,230387.0,247932.0,444204.0,260852.0,257966.0,232589.0,353571.0,312634.0,246703.0,235092.0,241071.0,233845.0,239283.0,421992.0,268135.0,394615.0,270135.0,300243.0,356410.0,400720.0,231226.0,231871.0,313623.0,231149.0,247206.0,227910.0,237082.0,318183.0,370388.0,393452.0,351063.0,366118.0,312258.0,287158.0,290414.0,253208.0,330410.0,226336.0,458699.0,366871.0,229794.0,229254.0,324764.0,436763.0,484062.0,317556.0,253159.0,316898.0,371508.0,482557.0,231828.0,259587.0,273095.0,346855.0,228839.0,257697.0,264794.0,278325.0,267830.0,252115.0,260907.0,237249.0,272564.0,253923.0,239457.0,229535.0,237797.0,237662.0,228272.0,225847.0,237570.0,231436.0,229310.0,217750.0,444704.0,291766.0,228720.0,229132.0,412961.0,333734.0,367505.0,225457.0,310455.0,270137.0,424270.0,233074.0,239980.0,278650.0,426927.0,234189.0,235145.0,283255.0,365828.0,224597.0,249078.0,407701.0,250509.0,231128.0,484062.0,288917.75694444444,70782.23417709168,0.24499094457078419
53,259040.0,419693.0,296328.0,243462.0,233898.0,309306.0,368310.0,222138.0,233522.0,273456.0,452218.0,258601.0,235136.0,249079.0,446823.0,327145.0,225594.0,222835.0,364030.0,366022.0,337051.0,280542.0,304441.0,437457.0,242900.0,229528.0,225134.0,263541.0,227564.0,254220.0,373664.0,377512.0,228734.0,228833.0,269522.0,227013.0,241817.0,233198.0,223563.0,242401.0,264453.0,251582.0,241985.0,235274.0,245671.0,233809.0,229405.0,248690.0,389466.0,241977.0,253969.0,231167.0,391331.0,313653.0,246477.0,272531.0,243928.0,251711.0,249064.0,400010.0,257456.0,391535.0,275581.0,284601.0,340248.0,390764.0,228891.0,226514.0,322131.0,227707.0,240455.0,222947.0,232066.0,334728.0,357150.0,392474.0,331836.0,373314.0,323261.0,323986.0,388634.0,223622.0,343216.0,228292.0,406822.0,442855.0,262254.0,227139.0,294280.0,383995.0,482596.0,428187.0,237959.0,293186.0,327522.0,440115.0,224256.0,249537.0,265867.0,308758.0,217790.0,249005.0,262059.0,260935.0,264930.0,244330.0,257332.0,233818.0,267444.0,248206.0,237034.0,226932.0,233883.0,232963.0,235533.0,225553.0,248059.0,235132.0,224895.0,221430.0,438362.0,320987.0,227229.0,229189.0,395234.0,233761.0,348103.0,225872.0,281961.0,237610.0,423673.0,229671.0,235718.0,280347.0,387257.0,229767.0,238268.0,284508.0,354556.0,235498.0,251108.0,402585.0,240392.0,229243.0,482596.0,286224.46527777775,68151.52823059408,0.23810518141575968
54,309105.0,450789.0,278278.0,254653.0,250807.0,377459.0,308946.0,260880.0,255990.0,311592.0,411534.0,271166.0,266787.0,286644.0,467164.0,320058.0,256322.0,254549.0,420468.0,306667.0,280678.0,258393.0,346087.0,382215.0,290268.0,253213.0,256858.0,312052.0,286169.0,308394.0,376901.0,394158.0,250216.0,263550.0,319864.0,269202.0,252397.0,258123.0,259150.0,302922.0,275193.0,272404.0,255006.0,250118.0,252389.0,247747.0,257365.0,264082.0,324420.0,251402.0,324909.0,258309.0,429901.0,328572.0,280134.0,349054.0,279966.0,249655.0,257747.0,360765.0,247574.0,400251.0,257398.0,293111.0,248148.0,264302.0,254211.0,251464.0,256165.0,285589.0,278474.0,252009.0,270695.0,326929.0,363288.0,404193.0,259295.0,380926.0,338864.0,329978.0,458904.0,266050.0,334822.0,279802.0,365498.0,455008.0,382377.0,257755.0,282366.0,348011.0,438880.0,473188.0,252397.0,288282.0,298044.0,394783.0,249466.0,256472.0,271394.0,294386.0,259483.0,268356.0,273962.0,291455.0,282587.0,257817.0,272153.0,264610.0,297488.0,276748.0,255159.0,253080.0,254787.0,274959.0,254576.0,252484.0,249898.0,277112.0,252225.0,253728.0,448661.0,273017.0,253886.0,252199.0,371845.0,252174.0,369520.0,265038.0,319005.0,272903.0,417372.0,255863.0,277787.0,311537.0,397250.0,253520.0,278763.0,292372.0,375650.0,273020.0,325189.0,388663.0,249364.0,256124.0,473188.0,301207.94444444444,58514.60685836127,0.19426647914711245
55,290671.0,421197.0,254212.0,243330.0,248691.0,422819.0,251260.0,237492.0,243592.0,358349.0,352901.0,254071.0,253690.0,304233.0,444753.0,293894.0,229602.0,242620.0,444354.0,258711.0,316926.0,237841.0,388640.0,321994.0,238862.0,235595.0,235023.0,279116.0,259752.0,260119.0,363450.0,383580.0,229446.0,238332.0,282848.0,228090.0,238663.0,233915.0,233175.0,254524.0,258165.0,256502.0,244740.0,238311.0,239508.0,235725.0,234674.0,254783.0,262831.0,230854.0,310865.0,232015.0,457950.0,299685.0,265797.0,398512.0,270257.0,230782.0,248394.0,327130.0,224996.0,400273.0,285327.0,256865.0,296649.0,392478.0,230357.0,238350.0,289572.0,234877.0,245226.0,250287.0,251112.0,339028.0,346991.0,383040.0,261830.0,355482.0,309948.0,285387.0,457211.0,334424.0,314486.0,232854.0,333304.0,434622.0,464228.0,261360.0,256840.0,312173.0,382236.0,471441.0,229961.0,264452.0,272591.0,343731.0,231349.0,237105.0,247870.0,267871.0,243111.0,246253.0,261824.0,243974.0,260100.0,240558.0,264147.0,234023.0,259866.0,239966.0,237728.0,233678.0,234475.0,240647.0,228047.0,228750.0,235144.0,252503.0,235224.0,233870.0,404567.0,254304.0,239862.0,231704.0,331872.0,250630.0,345956.0,224802.0,255967.0,237633.0,412668.0,236328.0,237651.0,259051.0,411763.0,233706.0,261775.0,276115.0,380192.0,238720.0,296938.0,362862.0,235113.0,232435.0,471441.0,284322.90972222225,64208.46057243647,0.22582935942505244
56,327720.0,389851.0,243040.0,242305.0,261170.0,424363.0,233214.0,247320.0,247576.0,411991.0,285455.0,253856.0,257566.0,343752.0,405057.0,289191.0,229017.0,267221.0,429216.0,242870.0,320913.0,230230.0,436210.0,262961.0,253294.0,232066.0,233715.0,279785.0,257547.0,278743.0,369191.0,367992.0,228250.0,231166.0,292783.0,235519.0,237000.0,232541.0,229403.0,262368.0,255430.0,255852.0,243453.0,237614.0,236193.0,233359.0,228848.0,253429.0,242639.0,223653.0,326354.0,233585.0,439229.0,285025.0,279375.0,438097.0,299499.0,231704.0,263690.0,306022.0,231285.0,377309.0,288712.0,245002.0,280262.0,377303.0,252957.0,254312.0,259185.0,234682.0,237517.0,274619.0,243721.0,332409.0,366879.0,377170.0,352762.0,351800.0,309647.0,312890.0,432601.0,427720.0,237591.0,244442.0,314369.0,390426.0,491482.0,364939.0,250752.0,292270.0,340507.0,431758.0,225488.0,259666.0,263438.0,315940.0,227736.0,232629.0,242366.0,256918.0,242213.0,243285.0,259159.0,240373.0,261522.0,238171.0,259827.0,232267.0,252536.0,238447.0,235536.0,232020.0,234407.0,238903.0,228778.0,228242.0,241868.0,252646.0,235648.0,224360.0,367355.0,306106.0,229254.0,229452.0,311434.0,270681.0,367729.0,226139.0,242139.0,235128.0,433718.0,233361.0,238238.0,246619.0,381121.0,227592.0,269490.0,260936.0,374564.0,251312.0,322206.0,320448.0,230592.0,231386.0,491482.0,283660.74305555556,63503.582360208726,0.2238715927912923
57,368091.0,342482.0,240113.0,237836.0,287255.0,414417.0,228305.0,258501.0,251146.0,447303.0,251345.0,252735.0,266562.0,389634.0,342613.0,288176.0,230999.0,315184.0,389741.0,236857.0,322236.0,247845.0,441087.0,236571.0,248703.0,231083.0,234386.0,306424.0,283087.0,283635.0,373642.0,384122.0,230115.0,228257.0,311309.0,241832.0,234865.0,231317.0,228704.0,268120.0,251745.0,259293.0,241007.0,235074.0,232511.0,227785.0,236548.0,252868.0,235371.0,224777.0,329843.0,247601.0,430559.0,261471.0,299838.0,450583.0,328740.0,228318.0,245192.0,286197.0,229148.0,387568.0,309876.0,237950.0,300109.0,386975.0,250732.0,261119.0,260933.0,228548.0,236601.0,282409.0,229315.0,334636.0,358364.0,386341.0,433185.0,239323.0,314807.0,316570.0,389409.0,455015.0,338033.0,227620.0,287030.0,344998.0,442989.0,433628.0,240000.0,274507.0,310548.0,395401.0,227582.0,245200.0,250480.0,286848.0,242536.0,226957.0,236486.0,251474.0,253808.0,237918.0,257885.0,235197.0,253576.0,235699.0,256822.0,225647.0,254766.0,236890.0,233412.0,227796.0,230664.0,239376.0,229672.0,233854.0,248173.0,254796.0,237158.0,227562.0,340956.0,355651.0,232259.0,228780.0,287368.0,289205.0,347102.0,223419.0,237528.0,233247.0,395743.0,232131.0,236926.0,244759.0,383783.0,230354.0,300235.0,246958.0,379450.0,256112.0,366217.0,281336.0,227715.0,229768.0,455015.0,283339.4375,63594.835969129905,0.22444752672006665
58,409298.0,289126.0,234392.0,237003.0,322261.0,379970.0,228196.0,251342.0,276839.0,430594.0,237425.0,251414.0,281803.0,435184.0,303089.0,284056.0,230272.0,372462.0,330005.0,233146.0,292857.0,286667.0,435471.0,228831.0,243163.0,229998.0,232900.0,289213.0,276289.0,263382.0,355540.0,374500.0,237067.0,231791.0,331372.0,235247.0,233242.0,229242.0,233646.0,267564.0,252033.0,256411.0,241252.0,234877.0,229392.0,232339.0,231518.0,252236.0,229438.0,225053.0,311452.0,307938.0,395848.0,249880.0,317447.0,417990.0,364600.0,229414.0,246945.0,264414.0,238297.0,399545.0,356164.0,233482.0,279299.0,392431.0,284180.0,279888.0,264359.0,229074.0,231342.0,326744.0,247215.0,342575.0,348511.0,375569.0,452604.0,288138.0,320479.0,290038.0,346638.0,452409.0,446876.0,243380.0,263444.0,306786.0,392106.0,472751.0,231666.0,259347.0,284601.0,345750.0,247920.0,236851.0,251613.0,284547.0,239011.0,226678.0,234001.0,246045.0,259144.0,235483.0,258660.0,232583.0,257371.0,233430.0,257712.0,237159.0,254665.0,234274.0,231723.0,229574.0,231460.0,242478.0,226525.0,238036.0,227000.0,254723.0,236600.0,236355.0,313774.0,397226.0,231713.0,233486.0,273103.0,301492.0,353809.0,229204.0,234082.0,245756.0,414685.0,230860.0,248369.0,240532.0,394101.0,237775.0,324563.0,229963.0,381197.0,258050.0,405260.0,250215.0,228395.0,229918.0,472751.0,284105.36805555556,64323.12456627633,0.22640587542048213
59,432950.0,255659.0,229907.0,234307.0,387009.0,318938.0,238722.0,294056.0,323415.0,403100.0,230545.0,250583.0,296881.0,429402.0,276230.0,277970.0,241535.0,424062.0,268466.0,228095.0,248141.0,336256.0,397044.0,231149.0,240624.0,228228.0,232138.0,304281.0,288341.0,284522.0,348065.0,368543.0,230847.0,227603.0,333699.0,230509.0,231387.0,228564.0,226362.0,284182.0,253949.0,257467.0,240947.0,234144.0,230356.0,230093.0,231840.0,251313.0,226918.0,233410.0,230352.0,382353.0,365061.0,248054.0,330366.0,386143.0,399114.0,234572.0,269309.0,260311.0,260015.0,388630.0,352878.0,228026.0,240470.0,375299.0,341383.0,314701.0,239708.0,229113.0,227997.0,345806.0,330374.0,342143.0,350909.0,365824.0,443371.0,404461.0,229760.0,329420.0,314978.0,408502.0,494149.0,312694.0,249130.0,275602.0,337674.0,446814.0,227829.0,244451.0,277284.0,309150.0,277565.0,232835.0,241717.0,274974.0,250258.0,233003.0,229061.0,240939.0,286250.0,232976.0,253898.0,229692.0,256749.0,229154.0,250983.0,226894.0,255672.0,233363.0,228713.0,230305.0,228726.0,248235.0,228189.0,229388.0,235433.0,262490.0,244567.0,257398.0,306662.0,424090.0,235923.0,228059.0,271392.0,314370.0,356943.0,223432.0,231122.0,273065.0,435362.0,229089.0,263016.0,262362.0,390446.0,230153.0,350784.0,291436.0,377500.0,269449.0,409656.0,228711.0,234949.0,229705.0,494149.0,285930.8125,65232.23588743962,0.22813993118506465
60,432909.0,243951.0,228491.0,233843.0,432244.0,260733.0,251103.0,299301.0,376280.0,354637.0,229004.0,250061.0,339858.0,405347.0,273664.0,279963.0,269251.0,446904.0,233797.0,230053.0,227784.0,394191.0,352119.0,231714.0,244523.0,229283.0,235454.0,319547.0,313979.0,298758.0,371551.0,375290.0,237382.0,233099.0,337227.0,244963.0,231116.0,228472.0,237162.0,285126.0,255607.0,257610.0,239132.0,234139.0,228315.0,231233.0,233805.0,260968.0,230608.0,244927.0,237894.0,439807.0,317853.0,243805.0,333028.0,344264.0,431573.0,238986.0,260534.0,253482.0,283959.0,392529.0,359073.0,232151.0,235419.0,386442.0,349338.0,322073.0,242245.0,228430.0,228776.0,346798.0,425536.0,242410.0,369688.0,375846.0,414101.0,447829.0,327043.0,314519.0,296435.0,369320.0,450284.0,418612.0,233946.0,257708.0,297710.0,408308.0,227497.0,228963.0,265110.0,296368.0,280414.0,228695.0,235338.0,273172.0,244006.0,230634.0,229124.0,238386.0,282813.0,231726.0,255900.0,228896.0,261635.0,228733.0,253878.0,232847.0,263242.0,236117.0,228495.0,226881.0,229625.0,253267.0,233980.0,234931.0,227372.0,272774.0,254607.0,301418.0,297716.0,433231.0,230703.0,233525.0,267144.0,319765.0,357936.0,243473.0,233483.0,287615.0,396188.0,229885.0,287675.0,303082.0,389081.0,234051.0,373177.0,375175.0,381983.0,244630.0,403212.0,227671.0,225701.0,230472.0,450284.0,288872.56944444444,67011.64857597653,0.23197650335873832
61,410076.0,235326.0,228762.0,234968.0,450159.0,237700.0,279495.0,290137.0,429838.0,288516.0,233257.0,247995.0,373899.0,359625.0,275804.0,282680.0,305833.0,433659.0,231546.0,230293.0,257053.0,431396.0,294390.0,240187.0,241350.0,228990.0,249272.0,307353.0,317154.0,281673.0,370104.0,388449.0,242889.0,252794.0,324396.0,260462.0,230585.0,228408.0,233972.0,264162.0,255152.0,257994.0,239876.0,234614.0,227266.0,236555.0,241062.0,303898.0,239380.0,258737.0,272126.0,471452.0,302747.0,242061.0,322748.0,324011.0,433604.0,240563.0,271333.0,251041.0,310186.0,416561.0,362690.0,236339.0,228349.0,396065.0,327788.0,304313.0,245039.0,230530.0,229802.0,341966.0,471574.0,287789.0,368916.0,373615.0,367195.0,460880.0,451400.0,230333.0,285086.0,319743.0,404719.0,470332.0,229405.0,239326.0,276618.0,371653.0,260899.0,233925.0,259975.0,285871.0,282099.0,227855.0,232266.0,268548.0,258635.0,237161.0,229024.0,238242.0,273945.0,230642.0,253516.0,229675.0,263879.0,228821.0,251115.0,229477.0,267840.0,237747.0,229733.0,228576.0,230454.0,260407.0,233583.0,259638.0,232745.0,281116.0,277771.0,354309.0,293927.0,408103.0,268191.0,232023.0,270607.0,322593.0,364227.0,235443.0,238825.0,279926.0,412287.0,229607.0,319817.0,331549.0,412806.0,239919.0,384019.0,382502.0,405221.0,260971.0,375052.0,252636.0,233423.0,229092.0,471574.0,291814.5416666667,68401.6710579942,0.23440117366093402
62,362950.0,231775.0,228861.0,235751.0,420922.0,230679.0,292083.0,302885.0,458656.0,256416.0,234393.0,248037.0,432249.0,294302.0,270878.0,288523.0,360053.0,389466.0,239930.0,239192.0,300612.0,448271.0,265975.0,252427.0,259524.0,232672.0,238366.0,322765.0,299440.0,295909.0,354460.0,382047.0,253602.0,251416.0,329313.0,254366.0,232471.0,231161.0,236929.0,285593.0,254079.0,259340.0,239910.0,249948.0,232950.0,236650.0,242047.0,401330.0,241181.0,260735.0,320777.0,457915.0,292842.0,247454.0,321418.0,306297.0,409402.0,235290.0,292080.0,243338.0,339300.0,403216.0,360210.0,232054.0,246572.0,371440.0,351899.0,320907.0,232890.0,233600.0,235416.0,342461.0,465155.0,401447.0,231347.0,373467.0,341406.0,417791.0,512390.0,317904.0,272403.0,301452.0,346644.0,474735.0,237040.0,231350.0,255424.0,340061.0,288792.0,243303.0,251583.0,275278.0,301833.0,235340.0,231878.0,273260.0,273373.0,252146.0,233091.0,237325.0,277323.0,231732.0,254255.0,237145.0,261280.0,231845.0,251542.0,232094.0,271767.0,244521.0,230969.0,232020.0,236275.0,266390.0,231474.0,296171.0,248899.0,302420.0,319771.0,406399.0,286410.0,375302.0,324019.0,232382.0,262563.0,328106.0,350547.0,265795.0,248939.0,296444.0,452439.0,232293.0,349992.0,357710.0,407662.0,235351.0,384205.0,418849.0,405592.0,271103.0,346256.0,237255.0,232386.0,236678.0,512390.0,295694.8333333333,67932.18009212898,0.22973746049715327
63,304084.0,250570.0,251534.0,255360.0,381114.0,249601.0,337975.0,367310.0,441816.0,259557.0,258961.0,263106.0,475591.0,260998.0,270878.0,291623.0,423719.0,339659.0,308417.0,254045.0,349438.0,427599.0,261912.0,304395.0,304657.0,250933.0,253871.0,335946.0,335663.0,334219.0,382759.0,408103.0,304345.0,297108.0,368720.0,306005.0,252923.0,247168.0,251116.0,296953.0,264666.0,268809.0,261004.0,332456.0,256167.0,257208.0,250836.0,471643.0,252961.0,283290.0,379571.0,434643.0,285673.0,273329.0,334057.0,299133.0,388203.0,264048.0,253316.0,264025.0,378683.0,378121.0,279730.0,268045.0,288446.0,282743.0,273598.0,258366.0,263218.0,276160.0,266158.0,335691.0,436002.0,478992.0,369863.0,371372.0,317727.0,373941.0,469085.0,463189.0,279293.0,272900.0,312207.0,424033.0,256670.0,250011.0,263156.0,330422.0,266536.0,250229.0,263467.0,282802.0,327249.0,251442.0,255850.0,284050.0,255155.0,253897.0,250516.0,265600.0,327454.0,254808.0,264256.0,263797.0,279690.0,254253.0,263770.0,263532.0,303836.0,271648.0,257232.0,266436.0,263362.0,289586.0,262962.0,350922.0,273990.0,334417.0,381061.0,478001.0,302650.0,357837.0,382806.0,249827.0,292493.0,347751.0,379703.0,267908.0,294565.0,331781.0,415464.0,252660.0,382845.0,420789.0,413585.0,255148.0,382473.0,417946.0,413916.0,320149.0,294683.0,271971.0,250677.0,250927.0,478992.0,311631.74305555556,63457.27245849352,0.2036290393151021
64,263705.0,236913.0,248024.0,240489.0,294607.0,241266.0,325898.0,331096.0,383565.0,239887.0,241377.0,250072.0,458239.0,237745.0,262228.0,272604.0,476304.0,265138.0,261109.0,245627.0,397915.0,380907.0,245426.0,250114.0,241570.0,245799.0,241750.0,340612.0,329586.0,326557.0,394032.0,408072.0,241181.0,240452.0,338992.0,241982.0,238882.0,246399.0,236722.0,269068.0,259148.0,258536.0,244526.0,412949.0,245313.0,251054.0,252029.0,500198.0,247531.0,239626.0,412554.0,385743.0,274050.0,265552.0,294125.0,277314.0,347879.0,242547.0,298419.0,238491.0,389452.0,374832.0,374926.0,238718.0,307089.0,363612.0,351186.0,335665.0,265427.0,242798.0,237448.0,352126.0,387312.0,466274.0,496311.0,258631.0,309318.0,354249.0,412248.0,516017.0,245968.0,266343.0,276322.0,383369.0,272271.0,240526.0,238686.0,280132.0,326004.0,243250.0,242843.0,264626.0,318931.0,236397.0,239976.0,269854.0,291287.0,259415.0,240063.0,242156.0,318338.0,244926.0,256317.0,240354.0,268500.0,239212.0,254565.0,235725.0,278851.0,257890.0,240423.0,267617.0,250304.0,289806.0,280359.0,401876.0,293677.0,360241.0,425950.0,483717.0,285100.0,299729.0,421778.0,236186.0,265875.0,306988.0,265888.0,230711.0,277174.0,276300.0,455534.0,239773.0,393324.0,425775.0,438647.0,242431.0,360311.0,440869.0,406784.0,287685.0,259241.0,242914.0,237141.0,239258.0,516017.0,301497.34027777775,72331.43242981912,0.23990736489807238
65,250538.0,241590.0,241540.0,239323.0,248692.0,246575.0,327359.0,336123.0,303571.0,237935.0,242931.0,251698.0,400586.0,242143.0,266808.0,274631.0,475855.0,237158.0,280311.0,245341.0,447791.0,304130.0,241450.0,268209.0,260657.0,239062.0,241929.0,316688.0,335255.0,291234.0,406066.0,351010.0,256500.0,252629.0,367975.0,276831.0,236724.0,248088.0,241593.0,355663.0,261002.0,259799.0,246744.0,475229.0,239323.0,248332.0,314878.0,469031.0,240454.0,237768.0,430058.0,350495.0,271785.0,273884.0,291662.0,277717.0,311840.0,246473.0,276328.0,240207.0,384605.0,408967.0,390004.0,242867.0,338038.0,373281.0,390134.0,348141.0,277910.0,246292.0,240211.0,358377.0,349269.0,429553.0,514585.0,418373.0,301759.0,329415.0,367466.0,475482.0,237739.0,250430.0,263059.0,345211.0,267321.0,272514.0,240987.0,269922.0,293771.0,252471.0,240342.0,263548.0,287403.0,237479.0,237611.0,270612.0,282192.0,261070.0,237946.0,240871.0,285319.0,240021.0,253345.0,234724.0,274536.0,241059.0,251125.0,236853.0,283277.0,264372.0,244398.0,299112.0,262042.0,307842.0,319844.0,463726.0,308721.0,404147.0,481462.0,397850.0,284140.0,270501.0,447621.0,256154.0,264393.0,293348.0,239971.0,259907.0,305261.0,273786.0,454535.0,240757.0,396346.0,419583.0,420798.0,248641.0,316331.0,420589.0,412920.0,287397.0,239923.0,272683.0,238821.0,238863.0,514585.0,301996.34027777775,70985.1301210882,0.23505294817743724
66,245202.0,240484.0,241038.0,238503.0,238961.0,251212.0,326174.0,344475.0,250885.0,234383.0,244756.0,249384.0,319420.0,241494.0,264460.0,275741.0,423147.0,237696.0,288996.0,238123.0,462013.0,249658.0,239860.0,268298.0,250036.0,235004.0,237764.0,270241.0,312800.0,316462.0,392716.0,263147.0,255369.0,254436.0,364917.0,369804.0,236793.0,238358.0,235446.0,437086.0,258407.0,260506.0,269821.0,479013.0,241582.0,252557.0,395704.0,427129.0,249454.0,255214.0,420419.0,326690.0,269632.0,286861.0,285803.0,273648.0,288571.0,242901.0,274728.0,239963.0,366440.0,372560.0,393961.0,248610.0,371850.0,359371.0,383354.0,357624.0,302029.0,246959.0,238371.0,372816.0,328004.0,384092.0,456884.0,522941.0,282415.0,306843.0,330065.0,415494.0,238060.0,239304.0,250113.0,320053.0,318217.0,269580.0,240797.0,258024.0,323070.0,261648.0,239729.0,257873.0,327266.0,240871.0,237121.0,267540.0,283265.0,277932.0,241643.0,239788.0,298463.0,239062.0,253393.0,240826.0,276910.0,238916.0,251485.0,243175.0,293094.0,275408.0,256510.0,346851.0,276281.0,325176.0,386304.0,479036.0,354152.0,454214.0,465750.0,285807.0,279021.0,254001.0,440824.0,304178.0,261421.0,271336.0,245502.0,241296.0,337796.0,266422.0,462458.0,240125.0,380648.0,419518.0,420321.0,247032.0,265636.0,402160.0,410512.0,281450.0,238583.0,260887.0,239125.0,237653.0,522941.0,300726.6666666667,70086.30131983315,0.23305648979083932
67,237931.0,234964.0,231040.0,233910.0,230372.0,245638.0,323752.0,334075.0,232555.0,231237.0,245560.0,245283.0,258596.0,248930.0,263470.0,274237.0,334917.0,247586.0,321592.0,241055.0,442584.0,236008.0,233696.0,292875.0,245242.0,234679.0,241466.0,262360.0,323183.0,312414.0,379643.0,361773.0,263232.0,246193.0,341795.0,438656.0,233048.0,233021.0,232173.0,457182.0,258027.0,258551.0,344999.0,445947.0,238193.0,234507.0,432792.0,376120.0,243237.0,287982.0,404550.0,315162.0,269080.0,301674.0,277014.0,269287.0,270995.0,252361.0,292561.0,241993.0,343759.0,355935.0,388836.0,293845.0,393415.0,319008.0,386543.0,357685.0,345432.0,249990.0,232997.0,375178.0,313556.0,348816.0,389726.0,496079.0,272389.0,282278.0,299806.0,365942.0,239697.0,240486.0,233819.0,289307.0,341891.0,295882.0,242963.0,247911.0,341524.0,256562.0,233364.0,254415.0,312027.0,236816.0,233429.0,268097.0,293837.0,253420.0,242582.0,235930.0,304714.0,235580.0,249807.0,234496.0,272645.0,234050.0,248276.0,262809.0,302523.0,279279.0,280857.0,401888.0,292265.0,358573.0,441694.0,440164.0,402517.0,461405.0,368939.0,242612.0,278452.0,237189.0,417906.0,386937.0,266384.0,260354.0,264045.0,245393.0,370741.0,249954.0,436490.0,231969.0,352661.0,400972.0,400465.0,237727.0,243212.0,382958.0,388696.0,305709.0,228248.0,262209.0,230967.0,230909.0,496079.0,298428.9513888889,67062.6425231301,0.22471895642504
68,232153.0,231664.0,230137.0,231573.0,233936.0,250428.0,331656.0,339395.0,228349.0,226076.0,253931.0,242614.0,240638.0,238993.0,257973.0,270012.0,258433.0,239354.0,309355.0,238482.0,355455.0,262747.0,231394.0,272395.0,235936.0,229356.0,229164.0,345105.0,331356.0,314397.0,387427.0,430197.0,249491.0,251414.0,324679.0,460156.0,231864.0,232797.0,273469.0,448579.0,254537.0,256370.0,412957.0,416468.0,232669.0,227954.0,457110.0,349553.0,235565.0,327935.0,367186.0,306433.0,267502.0,311958.0,270680.0,260222.0,257376.0,254152.0,297173.0,233156.0,315927.0,347424.0,391207.0,278435.0,389989.0,276851.0,374809.0,378102.0,384632.0,255965.0,231231.0,369735.0,298620.0,329777.0,347449.0,437324.0,255110.0,267207.0,287843.0,321661.0,250664.0,237108.0,229485.0,267878.0,358546.0,285901.0,232022.0,239921.0,341213.0,266945.0,231900.0,252896.0,306742.0,234236.0,231149.0,267879.0,263361.0,259863.0,236900.0,235106.0,308666.0,228052.0,248313.0,234949.0,266336.0,234819.0,246890.0,298648.0,302974.0,305141.0,319610.0,454099.0,319530.0,394956.0,460529.0,349561.0,448754.0,431882.0,278049.0,226656.0,273084.0,227577.0,377085.0,446156.0,268261.0,243757.0,292706.0,253031.0,404225.0,242975.0,406294.0,229334.0,316453.0,401948.0,400697.0,237676.0,232519.0,398101.0,391511.0,277036.0,232191.0,269814.0,225881.0,232937.0,460529.0,295751.125,67524.76426517687,0.2283161704462726
69,232453.0,227770.0,226860.0,232954.0,224778.0,250087.0,310905.0,349802.0,224686.0,227621.0,241496.0,242377.0,232965.0,234885.0,258944.0,271466.0,232963.0,253144.0,318457.0,239069.0,266010.0,301876.0,230549.0,280775.0,246494.0,232181.0,227807.0,412467.0,324648.0,292239.0,396828.0,444732.0,248503.0,240743.0,235164.0,449878.0,231828.0,228971.0,343970.0,418451.0,254566.0,253123.0,454983.0,378840.0,231043.0,259783.0,460855.0,337375.0,240506.0,367686.0,329129.0,293903.0,266216.0,328892.0,266608.0,254330.0,246086.0,245296.0,284874.0,227892.0,291612.0,322168.0,400774.0,288738.0,362893.0,248958.0,388598.0,362447.0,420190.0,258904.0,233264.0,376369.0,287381.0,311854.0,315926.0,375440.0,240509.0,249649.0,276524.0,271421.0,263028.0,233651.0,227159.0,249490.0,356846.0,305996.0,238343.0,235321.0,350954.0,257980.0,231665.0,251337.0,310065.0,233486.0,226131.0,265313.0,284424.0,250444.0,229459.0,237580.0,281636.0,230559.0,246153.0,244925.0,274097.0,241160.0,251566.0,332615.0,314952.0,322759.0,381608.0,450857.0,349913.0,452648.0,438967.0,274364.0,457279.0,346234.0,239198.0,225711.0,277939.0,229722.0,335915.0,474490.0,280871.0,237776.0,321753.0,230537.0,422594.0,247009.0,417995.0,230492.0,272469.0,398808.0,394210.0,234816.0,229450.0,394312.0,398138.0,266622.0,225110.0,253196.0,231320.0,232539.0,474490.0,292967.75694444444,68983.07883985496,0.23546304057253728
70,226587.0,223898.0,225269.0,228714.0,238347.0,242166.0,357215.0,339699.0,222592.0,225322.0,238119.0,237702.0,225814.0,253093.0,256691.0,267853.0,225536.0,262920.0,325997.0,233700.0,224951.0,332511.0,226718.0,286076.0,238829.0,225508.0,229227.0,444007.0,354582.0,291526.0,226238.0,443209.0,243949.0,253344.0,312256.0,412680.0,227482.0,223572.0,408656.0,380274.0,248991.0,262541.0,457188.0,365466.0,230378.0,325108.0,423540.0,321292.0,241014.0,394807.0,313263.0,290258.0,268648.0,335957.0,258938.0,246625.0,238308.0,238750.0,297202.0,232364.0,270755.0,300208.0,384210.0,291417.0,339619.0,228804.0,365474.0,357399.0,420424.0,264030.0,232363.0,360865.0,273314.0,286717.0,295228.0,322713.0,228339.0,230581.0,265522.0,246946.0,295008.0,235155.0,229669.0,237634.0,358371.0,304282.0,238866.0,230132.0,355860.0,260884.0,226736.0,252543.0,310823.0,231333.0,225389.0,263583.0,256793.0,252836.0,228579.0,240812.0,288500.0,226005.0,243273.0,257645.0,272721.0,250921.0,270437.0,387858.0,326390.0,345346.0,440234.0,421221.0,401550.0,459778.0,342412.0,242360.0,418643.0,277313.0,228032.0,219340.0,278456.0,228458.0,310199.0,455712.0,306117.0,236768.0,334269.0,269192.0,423744.0,253168.0,401622.0,226193.0,240927.0,401374.0,401095.0,234159.0,224054.0,393218.0,397299.0,262561.0,228007.0,259523.0,224011.0,225185.0,459778.0,290062.3125,67834.83418624943,0.23386297103402368
71,225153.0,223152.0,222747.0,229634.0,232924.0,237403.0,343461.0,329077.0,228114.0,221190.0,245836.0,237435.0,224542.0,235535.0,254440.0,270673.0,218874.0,277638.0,314560.0,233745.0,241010.0,346108.0,224848.0,293651.0,233570.0,225389.0,229520.0,446276.0,343647.0,288330.0,284247.0,403873.0,239564.0,238542.0,384276.0,366513.0,226968.0,223697.0,436724.0,354539.0,247194.0,304715.0,437653.0,350532.0,222656.0,399126.0,380542.0,314963.0,230196.0,412035.0,294132.0,283036.0,269430.0,341886.0,249744.0,238499.0,231432.0,230965.0,313487.0,236099.0,251961.0,279403.0,375044.0,307439.0,321087.0,231135.0,359170.0,349250.0,404445.0,273813.0,232094.0,362319.0,265158.0,282440.0,280981.0,275439.0,224254.0,223502.0,260567.0,231037.0,287613.0,233699.0,239993.0,231509.0,370053.0,297934.0,238189.0,227146.0,343451.0,260469.0,225079.0,251849.0,302872.0,231249.0,219792.0,261184.0,250986.0,241367.0,221569.0,238177.0,301098.0,228294.0,246338.0,278346.0,274455.0,261131.0,303689.0,437851.0,325391.0,392043.0,458547.0,337572.0,435928.0,430126.0,265740.0,231151.0,347991.0,247945.0,224961.0,223447.0,278993.0,237510.0,286238.0,425181.0,325326.0,246708.0,339294.0,344129.0,401856.0,287738.0,399585.0,226752.0,227873.0,386557.0,393974.0,227514.0,225838.0,385366.0,381528.0,275101.0,226005.0,262750.0,219801.0,226370.0,458547.0,288059.0,65828.4780952236,0.22852428875759342
