504,97
48,48,15
1,2,3,4,13,14,25,26,27,28,37,40,49,61,73
60,60,19
1,2,3,6,7,13,14,17,18,19,25,26,31,37,42,43,49,52,64
55,55,17
1,6,7,17,18,19,22,25,26,31,32,37,38,42,43,49,52
36,36,17
1,6,7,17,18,19,21,22,25,26,27,30,31,32,39,43,52
36,36,16
6,7,17,18,19,22,25,26,30,31,32,39,43,44,45,52
54,54,17
6,7,18,19,21,22,26,30,31,32,38,39,43,44,45,52,60
53,53,9
6,7,19,22,31,32,39,45,52
53,53,10
6,7,19,22,30,31,32,39,43,52
71,71,15
6,7,17,19,21,22,30,31,32,39,42,43,45,52,60
71,71,9
6,20,31,37,39,49,51,58,60
53,53,13
19,20,30,31,32,33,34,37,39,42,45,52,60
50,50,13
18,19,20,30,31,32,33,34,40,41,43,44,45
65,65,14
18,19,20,30,31,32,33,37,42,44,52,59,60,76
67,67,16
6,17,18,19,20,21,29,30,31,32,33,37,41,42,45,48
50,50,14
16,17,18,19,20,25,29,30,31,34,37,40,41,42
69,69,15
4,16,17,18,19,20,28,29,30,31,33,39,40,41,48
50,50,15
1,4,6,17,18,19,25,28,30,32,33,39,40,47,48
39,39,13
1,14,16,17,19,29,32,33,34,35,40,41,53
50,50,10
10,20,21,24,32,33,34,35,47,48
38,38,10
1,6,7,14,21,23,25,29,34,35
38,38,10
1,6,7,19,21,22,23,25,34,35
38,38,10
1,6,7,20,21,22,23,25,34,35
48,48,3
6,23,25
48,48,4
6,7,23,25
48,48,4
1,6,23,35
56,56,3
6,23,25
56,56,5
6,19,22,23,33
66,66,8
6,7,9,18,21,22,23,47
37,37,9
1,7,8,19,20,21,23,24,34
49,49,12
6,7,8,11,12,19,20,21,23,24,34,35
64,64,12
1,7,8,11,20,21,22,23,24,33,34,35
65,65,12
1,7,8,11,12,20,21,22,23,24,34,35
54,54,12
1,7,8,11,12,20,21,22,24,34,35,48
65,65,16
7,8,9,10,11,12,19,20,21,22,23,24,33,35,48,59
65,65,17
7,8,10,11,12,20,21,22,23,24,33,34,35,36,47,48,60
53,53,23
7,8,9,10,11,12,20,21,22,23,24,33,34,35,36,46,47,48,59,60,71,72,84
57,57,20
9,10,11,12,21,22,23,24,33,34,35,36,46,47,48,59,60,71,72,84
62,62,25
8,9,10,11,12,18,20,21,22,23,24,33,34,35,36,46,47,48,58,59,60,71,72,84,96
57,57,29
7,8,9,10,20,21,22,23,33,34,35,45,46,47,48,51,57,58,59,60,69,70,71,72,82,83,84,95,96
61,61,34
4,5,6,7,8,17,18,19,20,21,30,31,32,33,36,42,43,44,45,46,55,56,57,58,68,69,70,71,80,81,82,83,92,95
64,64,30
2,3,4,5,6,15,16,17,18,27,28,29,30,31,40,41,42,43,54,55,58,67,68,69,78,79,80,90,91,92
59,59,25
1,2,3,13,14,15,25,26,27,28,38,39,40,41,50,51,52,53,76,77,78,88,89,90,91
60,60,19
1,13,25,26,37,38,49,50,61,62,63,73,74,75,76,86,87,88,89
39,39,11
37,38,61,62,73,74,75,85,86,87,88
56,56,5
73,74,85,86,87
47,47,3
84,93,96
47,47,7
8,56,81,84,93,94,96
52,52,9
43,45,56,66,81,84,93,94,96
52,52,11
13,15,44,54,56,57,66,69,93,94,96
45,45,8
13,43,45,81,84,93,94,96
67,67,6
43,54,81,84,93,96
42,42,5
66,81,84,93,96
70,70,5
13,57,84,93,96
45,45,5
27,57,81,93,96
44,44,6
19,27,81,84,93,96
45,45,2
93,96
51,51,3
9,93,96
37,37,2
28,93
60,60,5
15,28,30,93,96
44,44,3
15,83,93
44,44,3
28,48,93
36,36,4
15,28,30,73
59,59,8
13,15,16,28,30,73,93,96
70,70,4
13,28,29,93
37,37,4
84,94,95,96
63,63,14
24,36,47,48,60,70,71,72,79,82,83,92,93,94
67,67,23
11,12,22,23,24,33,34,35,44,45,46,47,56,57,58,68,69,79,88,89,90,91,92
66,66,30
7,8,9,10,11,19,20,21,22,30,31,32,33,34,39,41,42,43,44,45,54,64,65,75,76,77,78,87,88,89
62,62,33
5,6,7,9,17,18,19,20,21,28,29,30,31,32,39,40,41,42,51,52,53,61,62,63,64,73,74,75,76,85,86,87,88
67,67,31
2,3,4,5,6,7,13,14,15,16,17,25,26,27,28,29,37,38,39,40,41,49,50,51,61,62,73,74,75,85,86
66,66,29
1,2,3,4,5,6,13,14,15,16,17,18,25,26,27,28,29,37,38,39,40,49,50,51,61,62,73,74,85
58,58,27
1,2,3,4,5,6,7,13,14,15,16,25,26,27,28,37,38,39,40,41,49,50,51,61,62,73,74
44,44,22
1,2,3,4,5,6,7,13,14,15,18,23,25,26,27,35,37,38,49,61,62,63
57,57,23
1,2,3,4,6,13,14,15,18,20,21,25,26,27,29,32,33,36,37,38,44,61,73
55,55,18
6,7,8,13,19,20,21,23,25,26,32,33,35,36,37,38,45,49
36,36,17
6,7,8,18,19,20,21,23,24,25,32,33,35,36,38,45,56
36,36,16
6,7,18,19,20,21,22,23,24,28,32,33,34,35,36,38
57,57,19
6,7,8,18,19,20,21,22,23,24,25,31,32,33,34,35,36,45,65
54,54,17
6,7,8,18,19,20,21,22,23,24,32,33,34,35,36,37,45
54,54,17
6,7,8,18,19,20,21,22,23,24,31,32,33,34,35,36,45
71,71,16
6,7,8,18,19,20,21,22,23,24,32,33,34,35,36,48
50,50,13
8,18,21,24,35,36,37,48,49,59,66,68,71
66,66,15
6,7,17,18,19,20,21,22,24,33,34,36,38,48,71
50,50,15
6,7,18,19,20,21,22,24,30,33,36,48,57,66,71
63,63,21
6,7,12,16,17,18,20,21,22,24,28,29,33,40,42,48,57,58,71,74,76
63,63,20
6,7,15,16,17,18,20,21,22,24,25,29,30,38,40,47,48,57,71,76
69,69,18
6,7,15,16,17,18,20,21,22,27,28,35,38,40,42,48,71,76
39,39,16
5,7,14,15,16,17,20,21,22,25,27,28,29,38,42,76
39,39,15
6,7,16,17,18,20,21,25,27,28,29,37,38,42,61
53,53,14
6,7,14,15,16,17,21,25,26,27,29,33,37,38
55,55,14
7,10,11,13,20,21,22,24,28,33,34,36,40,59
70,70,11
6,13,18,19,20,21,26,28,33,34,38
70,70,12
4,6,13,15,18,20,21,24,26,33,34,38
59,59,10
1,13,14,18,19,20,24,26,34,38
59,59,6
11,18,20,26,34,38
37,37,9
11,18,19,20,21,23,24,26,38
55,55,8
11,18,20,21,22,24,34,38
38,38,7
19,20,21,23,24,34,47
56,56,10
6,11,14,18,19,20,21,23,24,34
60,60,12
8,10,11,18,20,23,24,31,35,46,53,54
37,37,13
11,12,18,19,20,22,23,24,30,31,34,35,54
56,56,13
7,8,9,11,18,20,22,23,24,31,34,42,47
56,56,14
8,10,11,12,18,19,20,21,22,23,24,34,35,47
50,50,14
7,8,10,11,12,18,20,21,22,23,24,29,34,35
54,54,14
7,8,9,10,11,12,18,20,21,23,24,35,47,48
64,64,21
7,8,9,10,11,12,19,20,21,22,23,24,33,34,35,36,47,48,59,70,72
64,64,22
7,9,10,11,12,18,20,21,22,23,24,33,34,35,36,46,47,48,58,60,70,72
53,53,24
8,9,10,11,12,21,22,23,24,33,34,35,36,46,47,48,49,58,59,60,71,72,84,96
62,62,20
9,10,11,12,21,22,23,24,34,35,36,46,47,48,58,59,60,71,72,84
60,60,25
8,9,10,11,12,20,21,22,23,24,33,34,35,36,46,47,48,58,59,60,71,72,73,84,96
57,57,29
7,8,9,10,19,20,21,22,23,32,33,34,35,45,46,47,48,57,58,59,60,69,70,71,72,82,84,95,96
61,61,33
4,5,6,7,8,17,18,19,20,21,30,31,32,33,34,43,44,45,46,55,56,57,58,59,67,68,69,70,71,80,82,94,95
64,64,30
2,3,4,5,15,16,17,18,28,29,30,31,40,41,42,43,53,54,55,56,60,66,67,68,78,79,80,90,91,92
57,57,26
1,2,3,13,14,15,19,26,27,28,39,40,41,50,51,52,53,54,63,65,76,77,88,89,90,91
59,59,20
1,13,25,26,37,38,39,49,61,62,63,73,74,75,76,77,86,87,88,89
68,68,11
49,61,62,73,74,75,76,85,86,87,88
38,38,7
61,73,74,85,86,87,88
69,69,1
85
37,37,3
93,95,96
42,42,3
52,84,96
70,70,3
65,94,96
70,70,3
65,84,96
70,70,2
48,96
37,37,1
44
37,37,1
93
70,70,1
15
43,43,2
93,96
37,37,2
50,96
45,45,1
67
45,45,1
16
63,63,2
93,96
50,50,1
12
44,44,1
96
68,68,1
92
68,68,2
66,96
36,36,2
59,66
44,44,5
72,83,84,95,96
57,57,14
36,46,47,48,58,59,69,71,81,82,83,91,92,93
67,67,23
11,12,21,22,23,24,33,34,35,44,45,46,56,57,68,69,76,79,80,89,90,91,92
71,71,29
7,8,9,10,11,19,20,21,31,32,33,34,41,42,43,44,53,54,55,66,67,75,76,77,78,87,88,89,90
62,62,33
5,6,7,8,9,16,18,19,20,21,25,28,29,30,39,40,41,42,51,52,53,61,62,63,64,73,74,75,76,85,86,87,88
62,62,32
2,3,4,5,6,7,13,14,15,16,17,25,26,27,28,29,37,38,39,40,41,49,50,51,58,61,62,63,73,74,85,86
67,67,29
1,2,3,4,5,6,13,14,15,16,17,25,26,27,28,29,37,38,39,40,41,49,50,51,61,62,73,74,85
66,66,28
1,2,3,4,5,6,7,13,14,15,16,17,18,25,26,27,28,29,37,38,39,40,41,49,50,61,62,73
63,63,24
1,2,3,5,6,10,12,13,14,17,18,22,25,26,30,37,38,39,45,48,49,52,58,61
59,59,27
1,2,3,4,5,6,7,8,13,14,16,18,19,20,22,23,24,25,28,29,30,32,35,36,37,41,61
60,60,23
1,2,3,4,5,6,7,8,11,13,18,19,20,22,23,24,28,30,31,34,35,36,45
36,36,17
4,5,6,7,8,19,20,22,23,30,31,32,33,34,35,36,45
36,36,16
5,6,7,8,19,20,21,22,23,24,29,30,33,35,36,45
54,54,17
5,6,7,8,19,20,21,22,23,24,31,32,33,35,36,45,46
54,54,18
5,6,7,8,11,19,20,21,22,23,24,30,31,33,35,36,45,46
66,66,19
5,6,7,8,11,19,20,21,22,23,24,30,31,33,35,36,45,46,71
66,66,17
5,6,7,8,19,20,21,23,24,30,31,33,34,35,36,45,46
66,66,13
7,8,32,36,46,47,48,53,55,59,60,71,72
54,54,20
3,4,5,6,7,8,11,20,21,24,32,33,35,36,42,44,45,46,48,56
69,69,12
3,4,5,6,8,21,36,42,45,46,48,57
57,57,23
3,4,5,6,7,8,16,17,21,23,29,30,32,33,36,42,44,45,46,48,57,60,69
54,54,22
2,3,4,5,6,7,8,16,17,19,21,30,32,33,42,44,45,46,48,53,56,60
63,63,20
1,2,3,4,5,6,8,17,29,30,32,33,42,43,44,45,46,48,53,56
69,69,19
3,4,5,6,16,17,29,30,32,33,42,44,45,46,47,48,53,54,56
65,65,17
2,3,4,5,6,9,10,16,17,29,30,32,42,44,47,73,85
69,69,19
1,2,3,5,6,10,13,16,17,19,29,30,32,42,44,54,56,74,85
55,55,16
1,3,6,9,10,13,16,19,22,23,34,35,36,48,54,70
70,70,14
1,2,3,9,13,15,16,17,18,24,42,73,74,85
55,55,14
1,2,3,9,13,14,16,17,18,21,24,42,73,74
55,55,14
1,2,3,13,16,17,18,21,24,35,36,42,73,74
38,38,11
1,2,3,13,16,18,21,24,33,36,74
38,38,10
1,2,13,16,18,21,24,33,36,48
37,37,11
1,2,13,18,21,24,33,36,47,48,57
37,37,11
1,2,21,22,33,36,47,56,57,58,59
37,37,11
1,21,22,23,24,33,36,47,48,57,60
56,56,10
7,10,11,19,20,23,24,33,35,48
66,66,11
1,11,12,21,22,23,24,35,36,42,58
37,37,11
11,12,20,21,22,23,24,35,36,57,58
65,65,10
7,10,11,22,23,35,46,47,58,60
65,65,13
9,11,19,22,23,24,34,35,36,46,47,48,58
65,65,14
6,11,12,22,23,24,34,35,36,46,47,48,57,58
64,64,18
9,10,11,12,19,21,22,23,24,34,35,36,46,47,48,58,60,72
64,64,20
9,10,11,12,19,20,21,22,23,24,34,35,36,43,46,47,48,58,60,72
64,64,20
9,10,11,12,21,22,23,24,34,35,36,46,47,48,58,59,60,71,72,84
60,60,19
10,11,12,21,22,23,24,33,34,35,36,46,47,48,59,60,72,84,94
63,63,23
8,9,10,11,12,21,22,23,24,33,34,35,36,46,47,48,58,59,60,71,72,84,96
57,57,29
7,8,9,10,19,20,21,22,23,32,33,34,35,36,45,46,47,57,58,59,60,70,71,72,82,83,84,95,96
61,61,33
5,6,7,8,18,19,20,21,30,31,32,33,39,43,44,45,46,55,56,57,58,59,68,69,70,71,80,81,82,83,93,94,95
57,57,31
2,3,4,5,6,10,15,16,17,18,28,29,30,41,42,53,54,55,56,65,66,67,68,78,79,80,81,90,91,92,93
60,60,26
1,2,3,13,14,15,25,26,27,38,39,48,50,51,52,53,63,64,65,76,77,78,88,89,90,91
59,59,20
1,25,37,38,39,49,50,61,62,63,73,74,75,76,77,85,86,87,88,89
39,39,13
1,37,49,50,61,62,73,74,75,85,86,87,88
51,51,6
61,73,74,85,86,87
42,42,2
74,96
52,52,7
6,13,16,43,93,94,96
47,47,9
27,28,43,57,69,93,94,95,96
47,47,10
13,27,43,50,55,56,66,84,94,96
54,54,6
52,57,66,84,94,96
70,70,5
27,43,66,94,96
70,70,5
27,43,66,85,93
42,42,5
28,43,66,93,96
45,45,4
27,43,66,93
49,49,6
8,27,43,66,93,96
44,44,6
8,27,28,43,66,96
43,43,4
27,31,43,50
36,36,6
27,28,31,40,43,96
37,37,7
2,27,28,40,50,54,96
42,42,9
27,28,38,40,50,55,66,91,96
42,42,9
14,20,27,28,38,40,50,56,96
42,42,9
14,15,26,27,28,38,43,47,55
43,43,7
15,27,28,38,40,50,93
53,53,6
15,16,27,28,38,50
49,49,4
72,84,95,96
57,57,13
48,58,59,60,70,71,72,81,82,83,84,93,94
66,66,23
9,10,11,12,22,23,24,33,34,35,36,46,47,48,57,58,59,68,69,70,79,80,91
67,67,30
4,8,9,10,19,20,21,22,30,31,32,33,41,42,43,44,45,53,54,55,65,67,75,76,77,78,87,88,89,90
62,62,33
5,6,7,8,9,17,18,19,20,25,28,29,30,31,40,41,42,43,51,52,53,61,62,63,64,65,74,75,76,85,86,87,88
67,67,31
2,3,4,5,6,7,14,15,16,17,18,25,26,27,28,29,37,38,39,40,41,49,50,51,61,62,63,73,74,75,85
71,71,28
1,2,3,4,5,6,13,14,15,16,17,25,26,27,28,37,38,39,40,49,50,51,61,62,63,73,74,85
66,66,26
1,2,3,4,5,6,13,14,15,16,25,26,27,28,37,38,39,40,49,50,51,61,62,73,74,85
57,57,19
1,2,3,4,8,13,14,15,25,26,37,38,49,50,61,73,74,76,85
70,70,17
1,2,3,4,5,13,14,25,26,37,38,49,50,61,62,73,74
36,36,15
1,2,3,4,8,9,10,11,13,25,26,37,49,50,74
54,54,14
1,2,3,4,7,8,9,10,11,12,13,37,74,86
54,54,15
2,3,4,7,8,9,10,11,12,24,25,30,54,62,74
36,36,8
2,3,8,9,10,11,25,74
51,51,7
8,9,10,11,25,54,74
51,51,8
8,9,10,11,12,35,54,74
50,50,9
3,8,9,10,11,12,53,54,74
71,71,12
3,4,5,9,10,12,35,54,73,74,85,87
66,66,13
5,6,7,8,10,24,25,54,60,74,75,86,87
66,66,9
3,6,8,10,25,61,73,74,75
69,69,12
3,5,6,7,10,19,43,53,61,74,75,87
69,69,14
1,2,3,4,6,7,19,55,60,61,73,74,75,87
65,65,15
1,2,3,4,6,7,13,14,43,54,61,73,74,75,87
39,39,15
1,2,3,4,6,7,13,14,19,61,73,74,75,86,87
69,69,15
1,2,3,4,6,13,14,15,19,60,61,73,74,75,87
50,50,14
1,2,3,4,6,13,14,25,59,61,73,74,75,87
39,39,11
1,2,12,13,14,21,25,74,75,85,87
53,53,13
1,2,3,6,7,13,14,15,18,25,26,34,87
69,69,14
1,2,3,6,13,14,15,18,19,25,26,33,34,69
50,50,12
1,2,3,6,13,14,15,18,25,26,33,75
55,55,10
1,2,3,13,14,15,18,21,26,75
56,56,8
1,2,6,12,13,14,15,25
67,67,8
1,2,6,12,13,15,26,75
49,49,6
1,2,6,12,13,15
49,49,7
1,2,3,6,12,13,87
38,38,6
1,2,11,21,74,88
37,37,11
1,2,6,11,13,14,25,75,87,88,89
50,50,11
1,2,11,12,13,23,25,59,75,87,88
70,70,11
1,2,11,12,13,21,59,74,75,87,88
37,37,11
2,11,12,13,22,23,25,74,75,87,88
37,37,11
11,12,13,21,22,23,24,34,59,87,88
65,65,16
7,9,11,12,13,21,22,23,24,33,59,60,74,75,87,88
65,65,18
7,9,10,11,12,21,22,23,24,34,35,36,47,48,59,60,87,88
58,58,23
9,10,11,12,21,22,23,24,33,34,35,36,46,47,48,58,59,60,71,72,84,95,96
62,62,21
9,10,11,12,21,22,23,24,33,34,35,36,46,47,48,59,60,71,72,84,96
60,60,25
8,9,10,11,12,20,21,22,23,24,33,34,35,36,46,47,48,58,59,60,71,72,83,84,96
57,57,30
7,8,9,10,18,19,20,21,22,23,32,33,34,35,44,45,46,47,48,58,59,60,70,71,72,82,83,84,95,96
61,61,33
5,6,7,8,17,18,19,20,21,30,31,32,33,40,43,44,45,46,55,56,57,58,59,68,69,70,71,80,81,82,93,94,95
57,57,30
3,4,5,6,15,16,18,28,29,30,40,41,42,43,52,53,54,55,56,65,66,67,68,69,78,79,80,90,91,92
60,60,25
1,2,13,14,15,25,26,27,38,39,40,51,52,53,63,64,65,75,76,77,78,88,89,90,91
59,59,20
1,13,14,25,26,37,38,41,49,50,61,62,63,73,74,75,76,87,88,89
55,55,13
25,49,51,61,62,73,74,75,76,85,86,87,88
38,38,8
61,73,74,75,85,86,87,88
52,52,1
85
70,70,4
5,17,83,94
52,52,4
17,34,84,94
71,71,4
17,34,43,93
37,37,1
17
37,37,1
88
37,37,1
88
37,37,1
88
45,45,2
87,88
49,49,1
15
45,45,2
88,89
38,38,3
25,88,89
69,69,4
76,87,88,89
63,63,3
59,88,89
45,45,3
75,88,89
69,69,2
88,89
44,44,2
12,88
37,37,1
41
63,63,2
88,96
38,38,7
60,72,83,84,94,95,96
58,58,15
36,47,48,58,59,60,70,71,72,81,82,83,93,94,95
71,71,24
10,11,12,22,23,24,34,35,36,45,46,47,48,56,57,58,59,68,69,79,80,89,90,92
61,61,30
5,8,9,10,11,19,20,21,22,31,32,33,34,41,42,43,44,45,53,54,55,56,65,67,75,76,77,87,88,89
62,62,33
1,5,6,7,8,9,17,18,19,20,28,29,30,31,32,39,40,41,42,43,51,52,53,62,63,64,73,74,75,76,85,86,87
67,67,31
2,3,4,5,6,7,13,14,15,16,17,18,25,26,27,28,37,38,39,40,49,50,51,61,62,63,73,74,75,85,91
66,66,28
1,2,3,4,5,13,14,15,16,17,25,26,27,28,37,38,39,40,49,50,51,61,62,63,73,74,75,85
63,63,26
1,2,3,4,5,13,14,15,16,17,25,26,27,28,37,38,39,49,50,51,53,61,62,63,73,75
44,44,22
1,2,3,4,5,13,14,15,16,25,26,27,28,37,38,39,40,49,61,63,75,76
57,57,23
1,2,3,4,5,6,10,13,14,15,16,17,25,26,27,28,29,37,38,39,40,41,75
36,36,18
1,2,3,4,10,13,14,15,16,25,26,28,29,37,38,39,76,89
55,55,18
3,4,5,8,10,13,14,15,16,17,25,26,28,29,39,40,52,88
36,36,17
3,4,5,8,10,15,16,17,25,26,28,29,39,40,42,88,89
54,54,14
3,4,5,8,10,16,17,25,26,28,29,39,42,88
57,57,20
3,4,5,6,8,10,14,16,17,25,26,28,29,39,40,41,42,77,88,89
50,50,11
3,4,10,16,17,25,28,29,41,42,88
57,57,19
3,4,6,8,10,11,16,17,25,27,28,29,33,39,41,42,76,88,89
54,54,12
16,28,30,43,46,53,54,58,59,77,88,89
60,60,16
6,16,17,18,19,29,30,32,33,42,43,44,46,57,58,59
50,50,12
16,18,19,30,31,42,43,44,46,47,58,59
54,54,19
1,6,7,17,18,19,20,21,30,31,32,34,43,44,46,47,57,58,59
54,54,20
5,6,7,13,14,17,18,19,21,31,32,34,42,43,44,46,47,55,58,59
54,54,21
1,2,6,13,17,18,19,20,21,31,32,33,34,42,43,44,46,47,48,58,59
63,63,20
2,6,13,15,17,18,19,24,30,31,32,34,42,43,44,46,47,55,58,59
64,64,17
1,2,7,15,17,18,19,21,34,42,44,46,47,55,58,59,88
59,59,19
2,6,7,13,17,18,19,25,30,31,34,42,44,46,47,54,58,59,88
69,69,16
2,9,18,19,21,24,29,32,33,34,35,44,46,47,89,91
55,55,18
1,2,3,6,7,14,17,19,20,21,32,33,35,44,48,57,59,60
71,71,18
1,2,3,6,7,14,19,20,21,32,33,35,47,48,57,59,60,91
70,70,18
1,2,3,6,13,16,18,19,20,21,33,47,48,56,57,59,60,91
53,53,19
1,2,3,6,13,14,18,19,21,39,45,46,47,48,56,57,59,60,91
54,54,19
1,2,6,7,13,14,18,19,20,33,35,39,45,46,48,56,57,59,91
70,70,19
1,2,6,7,13,14,18,19,20,32,39,46,47,48,56,57,59,60,91
67,67,18
1,2,6,7,13,14,18,19,32,39,44,45,46,47,48,57,90,91
56,56,14
1,2,3,14,18,19,39,44,45,46,47,48,90,91
56,56,14
2,3,6,7,13,19,30,32,45,46,47,56,57,90
60,60,21
2,6,7,15,19,30,31,32,33,39,43,44,45,46,47,48,57,58,59,60,88
37,37,14
2,15,19,31,32,33,45,46,47,48,57,58,59,60
64,64,13
2,15,19,31,32,33,34,45,46,47,48,58,60
64,64,16
2,3,8,9,15,18,31,32,33,34,43,44,46,47,48,57
65,65,14
2,3,15,18,20,32,33,35,43,44,45,46,47,48
56,56,20
2,3,8,9,10,12,15,24,31,32,34,35,43,44,45,46,47,48,58,59
58,58,24
2,3,9,10,11,12,15,21,22,23,24,31,32,34,35,36,43,44,45,46,47,48,59,60
63,63,26
2,5,8,9,10,11,12,15,21,22,23,24,32,34,35,36,46,47,48,58,59,60,71,72,84,96
60,60,22
9,10,11,12,21,22,23,24,33,34,35,36,46,47,48,58,59,60,71,72,84,96
60,60,26
8,9,10,11,12,21,22,23,24,33,34,35,36,45,46,47,48,58,59,60,65,71,72,83,84,96
57,57,30
8,9,10,20,21,22,23,32,33,34,35,36,43,45,46,47,48,57,58,59,60,69,70,71,72,82,83,84,95,96
61,61,33
5,6,7,17,18,19,20,30,31,32,33,34,43,44,45,46,47,55,56,57,58,59,68,69,70,80,81,82,83,92,93,94,95
57,57,31
1,2,3,4,5,15,16,17,18,27,28,29,30,31,40,41,42,43,52,53,54,55,67,68,69,77,79,80,88,91,92
58,58,26
1,2,3,13,14,15,26,27,28,30,39,40,41,51,52,53,63,64,65,76,77,78,88,89,90,91
59,59,20
1,13,25,37,38,39,49,51,61,62,63,64,73,74,75,76,77,86,87,88
39,39,15
25,49,50,51,61,62,64,69,73,74,75,85,86,87,88
38,38,10
46,47,59,61,64,73,74,85,86,87
43,43,8
1,25,46,47,58,59,69,85
66,66,4
47,58,59,69
37,37,4
47,48,58,59
50,50,4
47,48,58,59
43,43,5
47,48,57,58,59
66,66,6
46,47,48,58,59,69
38,38,8
3,46,47,48,57,58,59,69
38,38,7
3,46,47,48,58,59,69
69,69,7
3,47,48,58,59,68,69
66,66,6
3,35,46,47,48,54
50,50,9
2,3,24,34,35,47,48,54,59
67,67,10
2,3,24,34,35,47,48,54,58,59
50,50,10
2,3,12,24,35,47,48,54,59,60
50,50,9
2,3,24,34,36,47,48,59,60
70,70,7
2,3,24,36,47,48,59
64,64,5
2,24,36,47,48
45,45,5
2,3,24,36,48
36,36,3
2,24,48
36,36,5
2,24,48,94,96
49,49,6
72,84,93,94,95,96
65,65,14
24,36,48,58,59,60,69,70,71,72,82,83,92,93
67,67,23
11,12,21,22,23,24,33,34,35,36,44,46,47,56,57,58,59,65,68,69,70,79,91
61,61,29
8,9,10,19,20,21,22,31,32,33,34,41,42,43,44,53,54,55,56,64,65,66,67,75,76,77,87,88,89
62,62,33
5,6,7,8,16,17,18,19,20,28,29,30,31,32,39,40,41,42,51,52,53,54,62,63,64,73,74,75,76,85,86,87,88
62,62,32
2,3,4,5,6,14,15,16,17,18,19,25,26,27,28,29,37,38,39,40,41,49,50,52,61,62,63,73,74,75,85,86
71,71,29
1,2,3,4,5,6,13,14,15,16,17,18,25,26,27,28,29,37,38,39,40,49,50,61,62,63,73,74,85
58,58,28
1,2,3,4,5,6,7,13,14,15,16,18,25,26,27,28,29,37,38,39,40,49,50,51,61,62,73,85
61,61,24
1,2,3,4,5,6,7,13,14,15,16,25,26,27,37,38,39,45,49,50,52,61,63,76
58,58,30
1,2,3,4,5,6,7,8,13,14,15,16,20,25,26,27,28,29,33,37,39,40,44,45,46,50,51,52,53,56
57,57,25
1,2,3,4,6,7,8,10,20,21,22,29,30,33,34,43,44,45,46,53,55,56,57,58,69
57,57,23
5,6,7,8,10,20,21,22,31,32,33,34,43,44,45,46,53,55,56,57,58,69,70
36,36,21
5,6,7,8,10,20,21,22,32,33,34,43,44,45,46,53,55,56,57,58,69
68,68,20
6,7,8,10,20,21,22,31,32,33,34,43,44,45,46,53,55,56,57,58
55,55,21
4,6,7,8,10,20,21,22,32,33,34,43,44,45,46,53,55,56,57,58,69
66,66,22
6,7,8,10,20,21,22,32,33,34,43,44,45,46,53,55,56,57,58,60,69,70
71,71,17
6,8,20,21,22,31,32,33,34,44,45,46,55,56,57,58,69
66,66,14
6,18,24,34,45,46,48,55,56,57,58,60,64,67
54,54,19
3,4,6,7,9,10,18,19,22,24,34,44,45,46,55,57,59,69,70
39,39,15
3,4,5,7,18,19,24,44,45,46,55,57,59,70,77
67,67,20
2,3,4,6,10,18,19,24,44,45,46,47,48,55,57,59,60,70,77,91
57,57,21
2,3,4,5,6,10,17,18,19,24,45,46,48,57,58,59,60,70,73,77,91
57,57,21
2,3,4,5,6,10,16,17,18,19,24,31,45,48,57,58,59,60,70,72,77
55,55,21
2,3,4,5,10,16,17,18,19,24,30,48,57,58,59,60,64,70,72,77,91
39,39,18
2,3,4,5,6,16,17,18,24,30,36,48,57,60,64,70,72,77
63,63,14
2,3,4,5,6,16,17,18,24,48,60,72,73,77
69,69,16
3,4,5,6,11,19,20,24,35,36,46,48,56,57,58,59
39,39,15
1,2,3,5,16,17,18,24,35,36,60,64,70,73,76
59,59,15
1,2,3,5,13,16,17,18,24,36,48,60,61,73,76
68,68,14
1,2,3,16,17,18,24,35,36,47,48,60,70,73
69,69,15
1,2,3,4,17,18,24,32,36,47,48,60,61,70,73
70,70,18
1,2,3,10,13,16,17,18,24,36,48,55,60,61,70,72,73,80
37,37,14
1,2,3,10,16,17,18,24,35,36,48,60,73,80
60,60,16
1,10,17,18,24,36,46,48,55,57,58,60,61,73,77,80
66,66,16
1,2,5,10,17,18,24,36,46,48,55,57,58,60,61,64
60,60,17
7,8,9,17,18,20,32,36,47,55,57,67,68,69,71,73,92
70,70,19
4,8,10,13,19,20,24,36,45,46,48,55,56,57,58,68,70,73,74
70,70,17
2,4,8,11,19,20,23,24,36,48,57,58,59,64,68,69,73
56,56,15
4,10,11,12,19,20,23,24,32,33,36,48,57,59,69
56,56,16
4,7,10,11,12,19,20,24,35,36,48,57,58,59,69,70
54,54,15
4,5,10,12,19,20,24,35,36,48,58,59,69,70,71
56,56,18
4,5,10,11,12,19,21,23,24,35,36,47,48,57,58,59,60,70
63,63,24
4,5,7,10,11,12,19,20,21,22,23,24,33,34,35,36,47,48,58,59,60,69,70,72
63,63,24
9,10,11,12,19,21,22,23,24,33,34,35,36,46,47,48,58,59,60,70,71,72,84,96
60,60,22
9,10,11,12,21,22,23,24,33,34,35,36,46,47,48,57,59,60,71,72,84,96
62,62,25
8,9,10,11,12,20,21,22,23,24,33,34,35,36,45,46,47,48,58,59,60,70,71,72,84
57,57,30
6,7,8,9,10,19,20,21,22,23,31,32,33,34,35,44,45,46,47,48,57,58,59,60,69,70,71,72,83,84
61,61,33
4,5,6,7,8,17,18,19,20,30,31,32,33,34,42,43,44,45,46,55,56,57,58,59,67,68,69,70,71,80,81,93,95
61,61,32
2,3,4,5,15,16,17,18,28,29,30,40,41,42,43,52,53,54,55,56,66,67,68,69,78,79,80,81,90,91,92,93
60,60,27
1,2,3,13,14,19,25,26,27,38,39,40,50,51,52,53,63,64,65,75,76,77,78,88,89,90,91
64,64,20
1,13,25,37,38,39,49,50,51,61,62,63,74,75,76,86,87,88,89,90
65,65,13
34,49,51,61,62,63,73,74,75,85,86,87,88
69,69,10
49,51,59,61,73,74,75,85,86,87
51,51,6
20,48,59,69,73,85
42,42,1
73
37,37,1
59
37,37,1
4
37,37,1
59
56,56,2
48,59
43,43,2
59,85
43,43,2
59,85
67,67,5
59,60,70,71,85
43,43,2
59,85
36,36,1
59
70,70,2
59,71
68,68,2
59,60
68,68,2
59,85
68,68,2
59,85
68,68,1
59
43,43,1
28
48,48,1
49
63,63,1
47
70,70,4
72,84,95,96
57,57,13
36,47,48,58,59,60,69,70,71,72,81,82,93
67,67,22
11,12,22,23,33,34,35,44,45,46,47,57,58,59,68,69,70,79,80,88,90,91
61,61,29
7,8,9,10,19,20,21,22,31,32,33,34,42,43,44,45,54,55,56,64,65,66,76,77,78,87,88,89,90
62,62,33
5,6,7,8,17,18,19,20,21,28,29,30,31,39,40,41,42,51,52,53,54,62,63,64,65,73,74,75,76,85,86,87,88
62,62,33
2,3,4,5,6,7,14,15,16,17,18,25,26,27,28,29,37,38,39,40,41,49,50,51,52,61,62,63,68,73,74,75,85
71,71,29
1,2,3,4,5,6,7,13,14,15,16,17,25,26,27,28,37,38,39,40,49,50,51,61,62,63,73,74,85
67,67,29
1,2,3,4,5,6,7,8,13,14,15,16,25,26,27,28,37,38,39,40,49,50,51,61,62,63,73,74,85
44,44,23
1,2,3,4,7,8,9,12,13,14,15,16,25,26,37,38,49,50,61,62,71,73,85
61,61,26
1,2,3,4,5,6,8,13,14,21,22,25,36,37,49,50,58,59,61,70,71,72,73,74,84,86
60,60,23
1,2,4,5,7,8,9,13,14,21,22,25,36,37,58,59,70,71,72,73,83,84,93
70,70,14
5,7,8,9,21,22,36,58,59,70,71,72,82,83
68,68,16
4,5,7,8,9,21,22,36,58,59,70,71,72,82,83,84
68,68,18
4,5,7,8,9,21,22,36,58,59,60,68,70,71,72,82,83,84
54,54,15
4,5,7,9,21,22,24,34,36,59,70,71,72,83,84
50,50,10
7,9,21,22,36,59,70,82,83,85
53,53,12
4,7,9,21,22,36,59,70,72,82,83,86
54,54,13
6,7,22,36,48,60,71,72,80,82,83,84,85
60,60,15
4,5,6,7,22,24,48,59,60,70,71,72,82,85,86
39,39,13
1,5,6,7,22,47,59,60,70,71,72,83,85
69,69,18
1,3,4,5,6,7,22,47,48,59,60,71,72,73,74,75,85,86
39,39,17
1,6,7,20,21,47,48,59,60,68,70,71,72,74,84,85,86
39,39,17
1,6,7,21,24,35,47,48,59,60,68,70,71,72,73,85,86
65,65,16
1,5,6,7,21,24,47,59,60,72,73,74,75,85,86,87
64,64,15
1,2,4,6,7,21,35,59,60,70,73,74,85,86,87
38,38,11
1,6,7,21,59,70,73,74,85,86,87
39,39,15
1,7,8,10,11,12,21,24,35,48,71,72,73,84,85
55,55,14
1,2,3,6,7,13,21,35,73,74,85,86,87,88
55,55,13
1,3,6,7,10,20,21,60,71,85,86,87,88
59,59,11
1,2,6,13,21,48,60,71,72,73,85
55,55,11
1,3,6,7,48,60,70,71,72,85,88
39,39,10
1,2,4,6,7,48,60,71,74,85
66,66,9
1,6,7,8,60,70,71,72,85
56,56,10
1,2,6,7,20,48,60,71,83,85
50,50,8
1,3,6,7,24,60,71,85
50,50,7
8,11,48,60,74,76,87
37,37,8
1,2,8,11,36,60,71,75
49,49,9
2,8,24,36,60,71,74,84,87
49,49,10
2,8,11,12,24,35,48,60,72,83
37,37,8
2,11,12,24,35,60,72,83
36,36,10
2,8,11,12,24,35,60,71,72,84
64,64,12
2,8,9,11,12,22,24,48,59,60,72,84
65,65,13
9,10,11,12,23,24,35,36,47,48,60,72,84
58,58,21
8,9,10,11,12,21,22,23,24,34,35,36,46,47,48,56,59,60,71,72,84
57,57,20
9,10,11,12,21,22,23,24,33,34,35,36,46,47,48,59,60,71,72,84
63,63,25
8,9,10,11,12,20,21,22,23,24,33,34,35,36,46,47,48,58,59,60,71,72,83,84,96
61,61,31
7,8,9,10,19,20,21,22,23,27,32,33,34,35,44,45,46,47,48,57,58,59,60,69,70,71,72,82,83,84,95
61,61,33
4,5,6,7,8,17,18,19,20,30,31,32,33,42,43,44,45,55,56,57,58,59,67,68,69,70,71,80,81,82,83,92,95
57,57,31
2,3,5,15,16,17,18,27,28,29,30,39,40,41,42,52,53,54,55,56,65,66,67,68,77,78,79,80,90,91,92
60,60,26
1,2,3,13,14,25,26,27,37,38,39,42,50,51,52,63,64,65,75,76,77,78,88,89,90,91
64,64,18
1,13,25,37,49,50,61,62,63,73,74,75,76,85,86,87,88,89
65,65,11
49,61,62,73,74,75,76,85,86,87,88
53,53,6
73,74,75,85,86,87
42,42,1
41
51,51,3
29,30,41
53,53,5
17,29,30,41,70
54,54,4
27,29,30,41
54,54,3
29,30,41
42,42,4
28,29,30,71
54,54,2
24,30
55,55,1
30
56,56,3
28,30,95
44,44,4
18,28,30,41
70,70,2
30,96
70,70,1
84
70,70,1
88
38,38,1
88
48,48,1
48
64,64,1
29
44,44,1
30
44,44,1
23
37,37,5
30,38,42,43,66
44,44,4
72,84,95,96
58,58,14
24,36,47,48,58,59,60,70,71,72,82,83,84,85
71,71,22
10,11,12,22,23,24,33,34,35,36,45,46,47,48,56,57,58,68,69,79,80,91
66,66,30
8,9,10,18,19,20,21,22,23,31,32,33,34,42,43,44,45,54,55,56,65,66,67,75,76,77,78,87,88,89
62,62,33
5,6,7,8,9,17,18,19,20,28,29,30,31,32,40,41,42,43,51,52,53,54,62,63,64,65,73,74,75,76,85,86,87
62,62,33
2,3,4,5,6,7,14,15,16,17,18,25,26,27,28,29,37,38,39,40,41,49,50,51,52,61,62,63,73,74,75,85,96
67,67,29
1,2,3,4,5,6,13,14,15,16,17,25,26,27,28,37,38,39,40,49,50,51,61,62,63,73,74,85,93
57,57,27
1,2,3,4,5,6,13,14,15,16,17,25,26,27,28,34,37,38,39,49,50,51,61,62,73,74,85
